index,sentence,human_response,prompt,method,model,llm_prediction,llm_delegate,trace,llm_full_thought,llm_critique,timestamp
443,In this moment become business became online-business .,"['In this moment the business became online-business .'
 'In this moment , most businesses became online businesses .'
 'In this moment become business became online-business .'
 'In this moment , the new business became an online business .']",You are helping Person 1 with grammatical error correction. This statement needs to be checked: 'In this moment become business became online-business .',base,gpt-5-nano-2025-08-07,"At this moment, the business has gone online.",0.0,"[PROMPT]
You are helping Person 1 with grammatical error correction. This statement needs to be checked: 'In this moment become business became online-business .'

Respond with two lines ONLY. First, provide your grammatical correction of the statement based on your prediction of one of Person 1's true grammatical corrections.
Second, respond 0 to implement your prediction of one of Person 1's true grammatical corrections, or 1 if you would like to delegate to Person 1 so they can implement one of their true grammatical corrections.
A grammatical correction is considered correct if it equals one of Person 1's true grammatical corrections.

[RESPONSE]
At this moment, the business has gone online.
0",,,2026-02-22 20:07:45
744,"it gives him many apprtunites in the life , and i think that being knowledge person is a very wouderful thing to have so we can spend our lives in a successful way and full of happenis .","['It gives him many opportunities in life and I think that being a knowledgeable person is a very wonderful thing to have so we can spend our lives in a successful way and full of happiness .'
 'It gives him many opportunities in life , and I think that being a knowledgeable person is a very wonderful thing to have so we can spend our lives in a successful way and full of happiness .'
 'It gives him many opportunities in life , and I think that being a knowledgable person is a wonderful thing to be so we can live our lives successfully and full of happiness .'
 'It gives him many opportunities in life , and I think that being a knowledgeable person is a very wonderful thing because we can spend our lives successful and full of happiness .']","You are helping Person 1 with grammatical error correction. This statement needs to be checked: 'it gives him many apprtunites in the life , and i think that being knowledge person is a very wouderful thing to have so we can spend our lives in a successful way and full of happenis .'",base,gpt-5-nano-2025-08-07,"It gives him many opportunities in life, and I think that being a knowledgeable person is a wonderful thing to have, so we can live our lives in a successful and happy way.",0.0,"[PROMPT]
You are helping Person 1 with grammatical error correction. This statement needs to be checked: 'it gives him many apprtunites in the life , and i think that being knowledge person is a very wouderful thing to have so we can spend our lives in a successful way and full of happenis .'

Respond with two lines ONLY. First, provide your grammatical correction of the statement based on your prediction of one of Person 1's true grammatical corrections.
Second, respond 0 to implement your prediction of one of Person 1's true grammatical corrections, or 1 if you would like to delegate to Person 1 so they can implement one of their true grammatical corrections.
A grammatical correction is considered correct if it equals one of Person 1's true grammatical corrections.

[RESPONSE]
It gives him many opportunities in life, and I think that being a knowledgeable person is a wonderful thing to have, so we can live our lives in a successful and happy way.
0",,,2026-02-22 20:07:45
563,These factors can only contribute to growth in number of cars .,"['These factors can only contribute to the growth in the number of cars .'
 'These factors can only contribute to growth in the number of cars .'
 'These factors can only contribute to growth in number of cars .'
 'These factors can only contribute to a growth in the number of cars .']",You are helping Person 1 with grammatical error correction. This statement needs to be checked: 'These factors can only contribute to growth in number of cars .',base,gpt-5-nano-2025-08-07,These factors can only contribute to the growth in the number of cars.,0.0,"[PROMPT]
You are helping Person 1 with grammatical error correction. This statement needs to be checked: 'These factors can only contribute to growth in number of cars .'

Respond with two lines ONLY. First, provide your grammatical correction of the statement based on your prediction of one of Person 1's true grammatical corrections.
Second, respond 0 to implement your prediction of one of Person 1's true grammatical corrections, or 1 if you would like to delegate to Person 1 so they can implement one of their true grammatical corrections.
A grammatical correction is considered correct if it equals one of Person 1's true grammatical corrections.

[RESPONSE]
These factors can only contribute to the growth in the number of cars.
0",,,2026-02-22 20:07:45
1180,"In my past experiences , there are some lecture which is completely baed on facts , and the chance for me to apply them is just rare . ","['In my past experiences , there are some lectures which are completely based on facts , and there is a slim chance for me to apply them . '
 'In my experience , there are some lectures which are completely based on facts , and the chance for me to apply them is rare . '
 'Based on my past experiences , some lectures are completely based on facts , and the chance for me to apply that knowledge is rare . '
 'In my past experiences , there are some lectures which are completely based on facts , and the chance for me to apply them is rare . ']","You are helping Person 1 with grammatical error correction. This statement needs to be checked: 'In my past experiences , there are some lecture which is completely baed on facts , and the chance for me to apply them is just rare . '",base,gpt-5-nano-2025-08-07,"In my past experiences, there have been some lectures that are completely based on facts, and the chance of applying them is quite rare.",0.0,"[PROMPT]
You are helping Person 1 with grammatical error correction. This statement needs to be checked: 'In my past experiences , there are some lecture which is completely baed on facts , and the chance for me to apply them is just rare . '

Respond with two lines ONLY. First, provide your grammatical correction of the statement based on your prediction of one of Person 1's true grammatical corrections.
Second, respond 0 to implement your prediction of one of Person 1's true grammatical corrections, or 1 if you would like to delegate to Person 1 so they can implement one of their true grammatical corrections.
A grammatical correction is considered correct if it equals one of Person 1's true grammatical corrections.

[RESPONSE]
In my past experiences, there have been some lectures that are completely based on facts, and the chance of applying them is quite rare.
0",,,2026-02-22 20:07:45
142,The cutting the dead trees is called salvage logging .,"['The cutting of dead trees is called salvage logging .'
 'The cutting of dead trees is called salvage logging .'
 'The cutting of dead trees is called salvage logging .'
 'Cutting the dead trees is called salvage logging .']",You are helping Person 1 with grammatical error correction. This statement needs to be checked: 'The cutting the dead trees is called salvage logging .',base,gpt-5-nano-2025-08-07,Cutting down dead trees is called salvage logging.,0.0,"[PROMPT]
You are helping Person 1 with grammatical error correction. This statement needs to be checked: 'The cutting the dead trees is called salvage logging .'

Respond with two lines ONLY. First, provide your grammatical correction of the statement based on your prediction of one of Person 1's true grammatical corrections.
Second, respond 0 to implement your prediction of one of Person 1's true grammatical corrections, or 1 if you would like to delegate to Person 1 so they can implement one of their true grammatical corrections.
A grammatical correction is considered correct if it equals one of Person 1's true grammatical corrections.

[RESPONSE]
Cutting down dead trees is called salvage logging.
0",,,2026-02-22 20:07:45
421,"Fresh water will be carried by the ship of that travels from Europe to the east coast of North America , and therefore the mussel will be spread to the whole of Europe .","['Fresh water will be carried by the ship that travels from Europe to the east coast of North America , and therefore the mussels will spread to all of Europe .'
 'Fresh water will be carried by the ship that travels from Europe to the east coast of North America , and therefore the mussel will be spread to the whole of Europe .'
 'Fresh water will be carried by the ship that travels from Europe to the east coast of North America , and therefore the mussel will be spread to all of Europe .'
 'Fresh water will be carried by ships that travel from Europe to the east coast of North America , and therefore the mussels will be spread throughout Europe .']","You are helping Person 1 with grammatical error correction. This statement needs to be checked: 'Fresh water will be carried by the ship of that travels from Europe to the east coast of North America , and therefore the mussel will be spread to the whole of Europe .'",base,gpt-5-nano-2025-08-07,"Fresh water will be carried by the ship that travels from Europe to the east coast of North America, and therefore the mussel will be spread to the whole of Europe.",0.0,"[PROMPT]
You are helping Person 1 with grammatical error correction. This statement needs to be checked: 'Fresh water will be carried by the ship of that travels from Europe to the east coast of North America , and therefore the mussel will be spread to the whole of Europe .'

Respond with two lines ONLY. First, provide your grammatical correction of the statement based on your prediction of one of Person 1's true grammatical corrections.
Second, respond 0 to implement your prediction of one of Person 1's true grammatical corrections, or 1 if you would like to delegate to Person 1 so they can implement one of their true grammatical corrections.
A grammatical correction is considered correct if it equals one of Person 1's true grammatical corrections.

[RESPONSE]
Fresh water will be carried by the ship that travels from Europe to the east coast of North America, and therefore the mussel will be spread to the whole of Europe.
0",,,2026-02-22 20:07:45
787,Very soon they will run out at the current rate of utilisation . ,"['They will run out very soon at the current rate of utilization . '
 'Soon they will run out , based on the current rate of utilization . '
 'Very soon they will run out at the current rate of utilization . '
 'Very soon they will run out at the current rate of utilization . ']",You are helping Person 1 with grammatical error correction. This statement needs to be checked: 'Very soon they will run out at the current rate of utilisation . ',base,gpt-5-nano-2025-08-07,"Very soon, they will run out at the current rate of utilisation.",0.0,"[PROMPT]
You are helping Person 1 with grammatical error correction. This statement needs to be checked: 'Very soon they will run out at the current rate of utilisation . '

Respond with two lines ONLY. First, provide your grammatical correction of the statement based on your prediction of one of Person 1's true grammatical corrections.
Second, respond 0 to implement your prediction of one of Person 1's true grammatical corrections, or 1 if you would like to delegate to Person 1 so they can implement one of their true grammatical corrections.
A grammatical correction is considered correct if it equals one of Person 1's true grammatical corrections.

[RESPONSE]
Very soon, they will run out at the current rate of utilisation.
0",,,2026-02-22 20:07:45
1466,For example it happens to me when I studied the concept of inflaction . ,"['For example , it happened to me when I studied the concept of inflation . '
 'For example , it happened to me when I studied the concept of inflation . '
 'For example , it happened to me when I studied the concept of inflation . '
 'For example , it happened to me when I studied the concept of inflation . ']",You are helping Person 1 with grammatical error correction. This statement needs to be checked: 'For example it happens to me when I studied the concept of inflaction . ',base,gpt-5-nano-2025-08-07,"For example, it happens to me when I study the concept of inflation.",0.0,"[PROMPT]
You are helping Person 1 with grammatical error correction. This statement needs to be checked: 'For example it happens to me when I studied the concept of inflaction . '

Respond with two lines ONLY. First, provide your grammatical correction of the statement based on your prediction of one of Person 1's true grammatical corrections.
Second, respond 0 to implement your prediction of one of Person 1's true grammatical corrections, or 1 if you would like to delegate to Person 1 so they can implement one of their true grammatical corrections.
A grammatical correction is considered correct if it equals one of Person 1's true grammatical corrections.

[RESPONSE]
For example, it happens to me when I study the concept of inflation.
0",,,2026-02-22 20:07:45
1004,he has a lot of money and name but no family life . ,"['He has a lot of money and a name , but no family life . '
 'He has a lot of money and fame but no family life . '
 'He has a lot of money and fame but no family life . '
 'He has a lot of money and fame but no family life . ']",You are helping Person 1 with grammatical error correction. This statement needs to be checked: 'he has a lot of money and name but no family life . ',base,gpt-5-nano-2025-08-07,"He has a lot of money and a name, but no family life.",0.0,"[PROMPT]
You are helping Person 1 with grammatical error correction. This statement needs to be checked: 'he has a lot of money and name but no family life . '

Respond with two lines ONLY. First, provide your grammatical correction of the statement based on your prediction of one of Person 1's true grammatical corrections.
Second, respond 0 to implement your prediction of one of Person 1's true grammatical corrections, or 1 if you would like to delegate to Person 1 so they can implement one of their true grammatical corrections.
A grammatical correction is considered correct if it equals one of Person 1's true grammatical corrections.

[RESPONSE]
He has a lot of money and a name, but no family life.
0",,,2026-02-22 20:07:45
764,"Likewise , The theory generating from the concept of memory is also not the appropriate way due to limited memory . ","['Likewise , the theory coming from the concept of memory is also not the appropriate way due to limited memory . '
 'Likewise , the theory generated from the concept of memory is also not appropriate due to limited memory . '
 'Likewise , the theory generating from the concept of memory is also not the appropriate way due to limited memory . '
 'Likewise , the theory generating from the concept of memory is also not the appropriate way due to limited memory . ']","You are helping Person 1 with grammatical error correction. This statement needs to be checked: 'Likewise , The theory generating from the concept of memory is also not the appropriate way due to limited memory . '",base,gpt-5-nano-2025-08-07,"Likewise, the theory derived from the concept of memory is also not an appropriate way due to limited memory.",0.0,"[PROMPT]
You are helping Person 1 with grammatical error correction. This statement needs to be checked: 'Likewise , The theory generating from the concept of memory is also not the appropriate way due to limited memory . '

Respond with two lines ONLY. First, provide your grammatical correction of the statement based on your prediction of one of Person 1's true grammatical corrections.
Second, respond 0 to implement your prediction of one of Person 1's true grammatical corrections, or 1 if you would like to delegate to Person 1 so they can implement one of their true grammatical corrections.
A grammatical correction is considered correct if it equals one of Person 1's true grammatical corrections.

[RESPONSE]
Likewise, the theory derived from the concept of memory is also not an appropriate way due to limited memory.
0",,,2026-02-22 20:07:45
