userId,movieId1,movieId2,rating_1,rating_2,ols_pred_1,ols_pred_2,human_response,prompt,method,model,llm_prediction,llm_escalate,llm_thought,llm_evaluation,trace,timestamp
200552,1136,2641,5.0,4.0,3.4628283259660244,3.396669620456333,1,"Person 1 has reviewed the following movies:

- Star Trek: The Motion Picture (1979) (Adventure|Sci-Fi): Rated 5.0/5
- Starman (1984) (Adventure|Drama|Romance|Sci-Fi): Rated 4.0/5
- Blob, The (1958) (Horror|Sci-Fi): Rated 3.0/5
- Starship Troopers (1997) (Action|Sci-Fi): Rated 5.0/5
- Empire Records (1995) (Comedy|Drama): Rated 4.0/5

Consider these two movies they have not seen:

- Monty Python and the Holy Grail (1975) (Adventure|Comedy|Fantasy)
- Superman II (1980) (Action|Sci-Fi)
",evidence,Qwen/Qwen3.5-9B,2,1,"Person 1's history of giving perfect scores to major sci-fi epics like *Star Trek* and *Starship Troopers* suggests a strong preference for the high-production, serious tone of *Superman II* over the comedic fantasy elements of *Monty Python and the Holy Grail*.

PREDICTION: 2","Based on the scenario provided, here is the breakdown of evidence supporting and contradicting the prediction that Person 1 would prefer *Superman II* over *Monty Python and the Holy Grail*.

### Evidence Supporting the Prediction
*   **Preference for High-Rated Sci-Fi:** Person 1 gave perfect scores (5.0/5) to two major science fiction films: *Star Trek: The Motion Picture* and *Starship Troopers*. This indicates a strong affinity for the sci-fi genre.
*   **Genre Alignment:** *Superman II* is categorized as **Action|Sci-Fi**, aligning directly with the genre of the two highest-rated movies in Person 1's history.
*   **Tone Preference:** The prediction assumes Person 1 favors the ""serious tone"" of the rated sci-fi films. Since both *Star Trek* and *Starship Troopers* are action/sci-fi epics with high ratings, the logic follows that Person 1 would prefer another serious sci-fi epic (*Superman II*) over a comedy (*Monty Python*).
*   **Rejection of Lower-Rated Genres:** Person 1 rated *Blob, The* (Horror|Sci-Fi) only 3.0/5, suggesting a discerning taste within the sci-fi genre that may not extend to all sub-genres, potentially making the structured narrative of *Superman II* more appealing than the absurdity of *Monty Python*.

### Evidence Contradicting the Prediction
*   **High Rating for Comedy/Drama (*Empire Records*):** Person 1 rated *Empire Records* (Comedy|Drama) a 4.0/5. This shows a clear appreciation for comedy and drama genres, contradicting the assumption that they strictly prefer serious, non-comedic tones.
*   **Moderate Rating for Horror/Sci-Fi:** While Person 1 liked sci-fi, they gave *Blob, The* a low score of 3.0/5. This suggests that not all sci-fi films are equally valued; if *Monty Python* were viewed through the lens of ""classic film"" appreciation (which *Blob* also represents as a classic), the rating might have been higher.
*   **The ""Adventure"" Category:** Both *Star Trek*, *Starman*, and *Monty Python* share the ""Adventure"" tag. Person 1 rated *Starman* (Adventure|Drama|Romance|Sci-Fi) a 4.0/5. This indicates that the ""Adventure"" element itself is well-received by Person 1, regardless of whether the film includes comedic or fantasy elements found in *Monty Python*.
*   **Fantasy Element Overlap:** *Star Trek* and *Starman* contain elements of the extraordinary (aliens, futuristic technology) similar to the fantasy elements in *Monty Python*. There is no evidence in the history that Person 1 specifically rejects fantasy or absurdity, only that they prefer specific *types* of sci-fi.","[THOUGHT PROMPT]
Person 1 has reviewed the following movies:

- Star Trek: The Motion Picture (1979) (Adventure|Sci-Fi): Rated 5.0/5
- Starman (1984) (Adventure|Drama|Romance|Sci-Fi): Rated 4.0/5
- Blob, The (1958) (Horror|Sci-Fi): Rated 3.0/5
- Starship Troopers (1997) (Action|Sci-Fi): Rated 5.0/5
- Empire Records (1995) (Comedy|Drama): Rated 4.0/5

Consider these two movies they have not seen:

- Monty Python and the Holy Grail (1975) (Adventure|Comedy|Fantasy)
- Superman II (1980) (Action|Sci-Fi)


TASK: Predict which movie Person 1 would rate higher. Explain your reasoning in 1 sentence. Then conclude with exactly 'PREDICTION: 1' (first movie) or 'PREDICTION: 2' (second movie).

[THOUGHT]
Person 1's history of giving perfect scores to major sci-fi epics like *Star Trek* and *Starship Troopers* suggests a strong preference for the high-production, serious tone of *Superman II* over the comedic fantasy elements of *Monty Python and the Holy Grail*.

PREDICTION: 2

[EVAL PROMPT]
SCENARIO:
Person 1 has reviewed the following movies:

- Star Trek: The Motion Picture (1979) (Adventure|Sci-Fi): Rated 5.0/5
- Starman (1984) (Adventure|Drama|Romance|Sci-Fi): Rated 4.0/5
- Blob, The (1958) (Horror|Sci-Fi): Rated 3.0/5
- Starship Troopers (1997) (Action|Sci-Fi): Rated 5.0/5
- Empire Records (1995) (Comedy|Drama): Rated 4.0/5

Consider these two movies they have not seen:

- Monty Python and the Holy Grail (1975) (Adventure|Comedy|Fantasy)
- Superman II (1980) (Action|Sci-Fi)


PREDICTION & REASONING:
Person 1's history of giving perfect scores to major sci-fi epics like *Star Trek* and *Starship Troopers* suggests a strong preference for the high-production, serious tone of *Superman II* over the comedic fantasy elements of *Monty Python and the Holy Grail*.

PREDICTION: 2

TASK: List the specific evidence in this scenario that supports your prediction, and the evidence that contradicts it.

[EVALUATION]
Based on the scenario provided, here is the breakdown of evidence supporting and contradicting the prediction that Person 1 would prefer *Superman II* over *Monty Python and the Holy Grail*.

### Evidence Supporting the Prediction
*   **Preference for High-Rated Sci-Fi:** Person 1 gave perfect scores (5.0/5) to two major science fiction films: *Star Trek: The Motion Picture* and *Starship Troopers*. This indicates a strong affinity for the sci-fi genre.
*   **Genre Alignment:** *Superman II* is categorized as **Action|Sci-Fi**, aligning directly with the genre of the two highest-rated movies in Person 1's history.
*   **Tone Preference:** The prediction assumes Person 1 favors the ""serious tone"" of the rated sci-fi films. Since both *Star Trek* and *Starship Troopers* are action/sci-fi epics with high ratings, the logic follows that Person 1 would prefer another serious sci-fi epic (*Superman II*) over a comedy (*Monty Python*).
*   **Rejection of Lower-Rated Genres:** Person 1 rated *Blob, The* (Horror|Sci-Fi) only 3.0/5, suggesting a discerning taste within the sci-fi genre that may not extend to all sub-genres, potentially making the structured narrative of *Superman II* more appealing than the absurdity of *Monty Python*.

### Evidence Contradicting the Prediction
*   **High Rating for Comedy/Drama (*Empire Records*):** Person 1 rated *Empire Records* (Comedy|Drama) a 4.0/5. This shows a clear appreciation for comedy and drama genres, contradicting the assumption that they strictly prefer serious, non-comedic tones.
*   **Moderate Rating for Horror/Sci-Fi:** While Person 1 liked sci-fi, they gave *Blob, The* a low score of 3.0/5. This suggests that not all sci-fi films are equally valued; if *Monty Python* were viewed through the lens of ""classic film"" appreciation (which *Blob* also represents as a classic), the rating might have been higher.
*   **The ""Adventure"" Category:** Both *Star Trek*, *Starman*, and *Monty Python* share the ""Adventure"" tag. Person 1 rated *Starman* (Adventure|Drama|Romance|Sci-Fi) a 4.0/5. This indicates that the ""Adventure"" element itself is well-received by Person 1, regardless of whether the film includes comedic or fantasy elements found in *Monty Python*.
*   **Fantasy Element Overlap:** *Star Trek* and *Starman* contain elements of the extraordinary (aliens, futuristic technology) similar to the fantasy elements in *Monty Python*. There is no evidence in the history that Person 1 specifically rejects fantasy or absurdity, only that they prefer specific *types* of sci-fi.

[DECISION PROMPT]
SCENARIO:
Person 1 has reviewed the following movies:

- Star Trek: The Motion Picture (1979) (Adventure|Sci-Fi): Rated 5.0/5
- Starman (1984) (Adventure|Drama|Romance|Sci-Fi): Rated 4.0/5
- Blob, The (1958) (Horror|Sci-Fi): Rated 3.0/5
- Starship Troopers (1997) (Action|Sci-Fi): Rated 5.0/5
- Empire Records (1995) (Comedy|Drama): Rated 4.0/5

Consider these two movies they have not seen:

- Monty Python and the Holy Grail (1975) (Adventure|Comedy|Fantasy)
- Superman II (1980) (Action|Sci-Fi)


PREDICTION & REASONING:
Person 1's history of giving perfect scores to major sci-fi epics like *Star Trek* and *Starship Troopers* suggests a strong preference for the high-production, serious tone of *Superman II* over the comedic fantasy elements of *Monty Python and the Holy Grail*.

PREDICTION: 2

EVALUATION:
Based on the scenario provided, here is the breakdown of evidence supporting and contradicting the prediction that Person 1 would prefer *Superman II* over *Monty Python and the Holy Grail*.

### Evidence Supporting the Prediction
*   **Preference for High-Rated Sci-Fi:** Person 1 gave perfect scores (5.0/5) to two major science fiction films: *Star Trek: The Motion Picture* and *Starship Troopers*. This indicates a strong affinity for the sci-fi genre.
*   **Genre Alignment:** *Superman II* is categorized as **Action|Sci-Fi**, aligning directly with the genre of the two highest-rated movies in Person 1's history.
*   **Tone Preference:** The prediction assumes Person 1 favors the ""serious tone"" of the rated sci-fi films. Since both *Star Trek* and *Starship Troopers* are action/sci-fi epics with high ratings, the logic follows that Person 1 would prefer another serious sci-fi epic (*Superman II*) over a comedy (*Monty Python*).
*   **Rejection of Lower-Rated Genres:** Person 1 rated *Blob, The* (Horror|Sci-Fi) only 3.0/5, suggesting a discerning taste within the sci-fi genre that may not extend to all sub-genres, potentially making the structured narrative of *Superman II* more appealing than the absurdity of *Monty Python*.

### Evidence Contradicting the Prediction
*   **High Rating for Comedy/Drama (*Empire Records*):** Person 1 rated *Empire Records* (Comedy|Drama) a 4.0/5. This shows a clear appreciation for comedy and drama genres, contradicting the assumption that they strictly prefer serious, non-comedic tones.
*   **Moderate Rating for Horror/Sci-Fi:** While Person 1 liked sci-fi, they gave *Blob, The* a low score of 3.0/5. This suggests that not all sci-fi films are equally valued; if *Monty Python* were viewed through the lens of ""classic film"" appreciation (which *Blob* also represents as a classic), the rating might have been higher.
*   **The ""Adventure"" Category:** Both *Star Trek*, *Starman*, and *Monty Python* share the ""Adventure"" tag. Person 1 rated *Starman* (Adventure|Drama|Romance|Sci-Fi) a 4.0/5. This indicates that the ""Adventure"" element itself is well-received by Person 1, regardless of whether the film includes comedic or fantasy elements found in *Monty Python*.
*   **Fantasy Element Overlap:** *Star Trek* and *Starman* contain elements of the extraordinary (aliens, futuristic technology) similar to the fantasy elements in *Monty Python*. There is no evidence in the history that Person 1 specifically rejects fantasy or absurdity, only that they prefer specific *types* of sci-fi.

TASK: Respond with a digit ONLY.
Output 0 to implement your prediction, or 1 to escalate to Person 1.
A decision is correct if it matches the movie Person 1 would rate higher.

[DECISION]
1",2026-03-06 14:39:19
199887,208,39,3.0,4.0,3.4696675110736965,3.3539053577451132,2,"Person 1 has reviewed the following movies:

- Batman Forever (1995) (Action|Adventure|Comedy|Crime): Rated 3.0/5
- Ace Ventura: When Nature Calls (1995) (Comedy): Rated 1.0/5
- While You Were Sleeping (1995) (Comedy|Romance): Rated 3.0/5
- Apollo 13 (1995) (Adventure|Drama|IMAX): Rated 3.0/5
- Mask, The (1994) (Action|Comedy|Crime|Fantasy): Rated 2.0/5

Consider these two movies they have not seen:

- Waterworld (1995) (Action|Adventure|Sci-Fi)
- Clueless (1995) (Comedy|Romance)
",evidence,Qwen/Qwen3.5-9B,2,1,"Person 1 appears to prefer comedies with strong romantic or adventure elements, as evidenced by their positive ratings for *While You Were Sleeping* and neutral ratings for the darker *Batman Forever* and *Mask*, suggesting they would likely rate the comedy-romance *Clueless* higher than the action-heavy *Waterworld*.

PREDICTION: 2","Based on the scenario provided, here is the specific evidence supporting and contradicting the prediction that Person 1 would rate *Clueless* higher than *Waterworld*.

### Evidence Supporting the Prediction
*Prediction: Person 1 prefers *Clueless* (Comedy|Romance) over *Waterworld* (Action|Adventure|Sci-Fi).*

1.  **Strong Positive Reception of Comedy-Romance:** Person 1 rated *While You Were Sleeping* (1995), a film with the genre tag of **Comedy|Romance**, a **3.0/5**. This indicates a clear affinity for the specific combination of comedy and romance found in *Clueless*.
2.  **Tolerance for Action/Comedy with Lower Scores:** While *Batman Forever* (Action|Comedy) and *Mask* (Action|Comedy) received lower ratings (3.0 and 2.0 respectively), they were not hated. The fact that the user did not rate pure comedies poorly, while specifically rating the Comedy-Romance film positively, suggests they lean toward the *Clueless* genre profile.
3.  **Negative Reaction to Pure/Heavy Comedy:** The lowest rating (1.0/5) was given to *Ace Ventura: When Nature Calls* (Comedy). This suggests an aversion to comedies that lack romantic or dramatic depth, reinforcing the idea that they would prefer the character-driven romance of *Clueless* over the broad, action-heavy spectacle of *Waterworld*.
4.  **Neutral Tolerance for Adventure/Drama:** *Apollo 13* (Adventure|Drama|IMAX) received a neutral 3.0/5. This shows the user is open to Adventure elements when paired with Drama, but the pairing in *Waterworld* (Action|Adventure|Sci-Fi) lacks the ""Romance"" element that Person 1 explicitly enjoyed in *While You Were Sleeping*.

### Evidence Contradicting the Prediction
*Potential evidence suggesting Person 1 might rate *Waterworld* higher or find it comparable to *Clueless*.*

1.  **Preference for Action over Pure Comedy:** *Batman Forever* (Action|Adventure|Comedy|Crime) received a **3.0/5**, which is the same neutral score as *Apollo 13* and *While You Were Sleeping*. However, it is significantly higher than the **1.0/5** given to the pure comedy *Ace Ventura*. This implies that the inclusion of Action/Adventure elements (present in both *Waterworld* and *Batman Forever*) is more tolerable or even preferred by the user than a standalone comedy.
2.  **Ambivalence Toward Action-Heavy Films:** While *Mask* (Action|Comedy) was rated low (2.0/5), the user did not hate it. Combined with the 3.0/5 for the action-heavy *Batman Forever*, there is no evidence that the user hates the ""Action"" component of *Waterworld*; they simply seem to dislike comedies that rely solely on slapstick or absurdity (*Ace Ventura*).
3.  **Genre Overlap:** Both target films (*Waterworld* and *Clueless*) share the **1995** release year and contain **Adventure** elements (inferred as a shared era trope or explicit in *Waterworld*). If the user's rating of 3.0 for *Apollo 13* (Adventure|Drama) is driven by the Adventure aspect, they might appreciate *Waterworld*'s Adventure/Sci-Fi blend just as much as they appreciate *Clueless*'s Romance, making the prediction of a clear winner less certain.
4.  **Lack of Extreme Preference for Romance:** The only ""positive"" rating (3.0) applies to *While You Were Sleeping*, which is not a high score (it is neutral). There is no evidence of the user loving this genre (e.g., no 4.0 or 5.0 ratings), so assuming *Clueless* will be rated *higher* than *Waterworld* relies heavily on the assumption that *Waterworld* will be rated low due to its lack of romance, rather than high due to its action.","[THOUGHT PROMPT]
Person 1 has reviewed the following movies:

- Batman Forever (1995) (Action|Adventure|Comedy|Crime): Rated 3.0/5
- Ace Ventura: When Nature Calls (1995) (Comedy): Rated 1.0/5
- While You Were Sleeping (1995) (Comedy|Romance): Rated 3.0/5
- Apollo 13 (1995) (Adventure|Drama|IMAX): Rated 3.0/5
- Mask, The (1994) (Action|Comedy|Crime|Fantasy): Rated 2.0/5

Consider these two movies they have not seen:

- Waterworld (1995) (Action|Adventure|Sci-Fi)
- Clueless (1995) (Comedy|Romance)


TASK: Predict which movie Person 1 would rate higher. Explain your reasoning in 1 sentence. Then conclude with exactly 'PREDICTION: 1' (first movie) or 'PREDICTION: 2' (second movie).

[THOUGHT]
Person 1 appears to prefer comedies with strong romantic or adventure elements, as evidenced by their positive ratings for *While You Were Sleeping* and neutral ratings for the darker *Batman Forever* and *Mask*, suggesting they would likely rate the comedy-romance *Clueless* higher than the action-heavy *Waterworld*.

PREDICTION: 2

[EVAL PROMPT]
SCENARIO:
Person 1 has reviewed the following movies:

- Batman Forever (1995) (Action|Adventure|Comedy|Crime): Rated 3.0/5
- Ace Ventura: When Nature Calls (1995) (Comedy): Rated 1.0/5
- While You Were Sleeping (1995) (Comedy|Romance): Rated 3.0/5
- Apollo 13 (1995) (Adventure|Drama|IMAX): Rated 3.0/5
- Mask, The (1994) (Action|Comedy|Crime|Fantasy): Rated 2.0/5

Consider these two movies they have not seen:

- Waterworld (1995) (Action|Adventure|Sci-Fi)
- Clueless (1995) (Comedy|Romance)


PREDICTION & REASONING:
Person 1 appears to prefer comedies with strong romantic or adventure elements, as evidenced by their positive ratings for *While You Were Sleeping* and neutral ratings for the darker *Batman Forever* and *Mask*, suggesting they would likely rate the comedy-romance *Clueless* higher than the action-heavy *Waterworld*.

PREDICTION: 2

TASK: List the specific evidence in this scenario that supports your prediction, and the evidence that contradicts it.

[EVALUATION]
Based on the scenario provided, here is the specific evidence supporting and contradicting the prediction that Person 1 would rate *Clueless* higher than *Waterworld*.

### Evidence Supporting the Prediction
*Prediction: Person 1 prefers *Clueless* (Comedy|Romance) over *Waterworld* (Action|Adventure|Sci-Fi).*

1.  **Strong Positive Reception of Comedy-Romance:** Person 1 rated *While You Were Sleeping* (1995), a film with the genre tag of **Comedy|Romance**, a **3.0/5**. This indicates a clear affinity for the specific combination of comedy and romance found in *Clueless*.
2.  **Tolerance for Action/Comedy with Lower Scores:** While *Batman Forever* (Action|Comedy) and *Mask* (Action|Comedy) received lower ratings (3.0 and 2.0 respectively), they were not hated. The fact that the user did not rate pure comedies poorly, while specifically rating the Comedy-Romance film positively, suggests they lean toward the *Clueless* genre profile.
3.  **Negative Reaction to Pure/Heavy Comedy:** The lowest rating (1.0/5) was given to *Ace Ventura: When Nature Calls* (Comedy). This suggests an aversion to comedies that lack romantic or dramatic depth, reinforcing the idea that they would prefer the character-driven romance of *Clueless* over the broad, action-heavy spectacle of *Waterworld*.
4.  **Neutral Tolerance for Adventure/Drama:** *Apollo 13* (Adventure|Drama|IMAX) received a neutral 3.0/5. This shows the user is open to Adventure elements when paired with Drama, but the pairing in *Waterworld* (Action|Adventure|Sci-Fi) lacks the ""Romance"" element that Person 1 explicitly enjoyed in *While You Were Sleeping*.

### Evidence Contradicting the Prediction
*Potential evidence suggesting Person 1 might rate *Waterworld* higher or find it comparable to *Clueless*.*

1.  **Preference for Action over Pure Comedy:** *Batman Forever* (Action|Adventure|Comedy|Crime) received a **3.0/5**, which is the same neutral score as *Apollo 13* and *While You Were Sleeping*. However, it is significantly higher than the **1.0/5** given to the pure comedy *Ace Ventura*. This implies that the inclusion of Action/Adventure elements (present in both *Waterworld* and *Batman Forever*) is more tolerable or even preferred by the user than a standalone comedy.
2.  **Ambivalence Toward Action-Heavy Films:** While *Mask* (Action|Comedy) was rated low (2.0/5), the user did not hate it. Combined with the 3.0/5 for the action-heavy *Batman Forever*, there is no evidence that the user hates the ""Action"" component of *Waterworld*; they simply seem to dislike comedies that rely solely on slapstick or absurdity (*Ace Ventura*).
3.  **Genre Overlap:** Both target films (*Waterworld* and *Clueless*) share the **1995** release year and contain **Adventure** elements (inferred as a shared era trope or explicit in *Waterworld*). If the user's rating of 3.0 for *Apollo 13* (Adventure|Drama) is driven by the Adventure aspect, they might appreciate *Waterworld*'s Adventure/Sci-Fi blend just as much as they appreciate *Clueless*'s Romance, making the prediction of a clear winner less certain.
4.  **Lack of Extreme Preference for Romance:** The only ""positive"" rating (3.0) applies to *While You Were Sleeping*, which is not a high score (it is neutral). There is no evidence of the user loving this genre (e.g., no 4.0 or 5.0 ratings), so assuming *Clueless* will be rated *higher* than *Waterworld* relies heavily on the assumption that *Waterworld* will be rated low due to its lack of romance, rather than high due to its action.

[DECISION PROMPT]
SCENARIO:
Person 1 has reviewed the following movies:

- Batman Forever (1995) (Action|Adventure|Comedy|Crime): Rated 3.0/5
- Ace Ventura: When Nature Calls (1995) (Comedy): Rated 1.0/5
- While You Were Sleeping (1995) (Comedy|Romance): Rated 3.0/5
- Apollo 13 (1995) (Adventure|Drama|IMAX): Rated 3.0/5
- Mask, The (1994) (Action|Comedy|Crime|Fantasy): Rated 2.0/5

Consider these two movies they have not seen:

- Waterworld (1995) (Action|Adventure|Sci-Fi)
- Clueless (1995) (Comedy|Romance)


PREDICTION & REASONING:
Person 1 appears to prefer comedies with strong romantic or adventure elements, as evidenced by their positive ratings for *While You Were Sleeping* and neutral ratings for the darker *Batman Forever* and *Mask*, suggesting they would likely rate the comedy-romance *Clueless* higher than the action-heavy *Waterworld*.

PREDICTION: 2

EVALUATION:
Based on the scenario provided, here is the specific evidence supporting and contradicting the prediction that Person 1 would rate *Clueless* higher than *Waterworld*.

### Evidence Supporting the Prediction
*Prediction: Person 1 prefers *Clueless* (Comedy|Romance) over *Waterworld* (Action|Adventure|Sci-Fi).*

1.  **Strong Positive Reception of Comedy-Romance:** Person 1 rated *While You Were Sleeping* (1995), a film with the genre tag of **Comedy|Romance**, a **3.0/5**. This indicates a clear affinity for the specific combination of comedy and romance found in *Clueless*.
2.  **Tolerance for Action/Comedy with Lower Scores:** While *Batman Forever* (Action|Comedy) and *Mask* (Action|Comedy) received lower ratings (3.0 and 2.0 respectively), they were not hated. The fact that the user did not rate pure comedies poorly, while specifically rating the Comedy-Romance film positively, suggests they lean toward the *Clueless* genre profile.
3.  **Negative Reaction to Pure/Heavy Comedy:** The lowest rating (1.0/5) was given to *Ace Ventura: When Nature Calls* (Comedy). This suggests an aversion to comedies that lack romantic or dramatic depth, reinforcing the idea that they would prefer the character-driven romance of *Clueless* over the broad, action-heavy spectacle of *Waterworld*.
4.  **Neutral Tolerance for Adventure/Drama:** *Apollo 13* (Adventure|Drama|IMAX) received a neutral 3.0/5. This shows the user is open to Adventure elements when paired with Drama, but the pairing in *Waterworld* (Action|Adventure|Sci-Fi) lacks the ""Romance"" element that Person 1 explicitly enjoyed in *While You Were Sleeping*.

### Evidence Contradicting the Prediction
*Potential evidence suggesting Person 1 might rate *Waterworld* higher or find it comparable to *Clueless*.*

1.  **Preference for Action over Pure Comedy:** *Batman Forever* (Action|Adventure|Comedy|Crime) received a **3.0/5**, which is the same neutral score as *Apollo 13* and *While You Were Sleeping*. However, it is significantly higher than the **1.0/5** given to the pure comedy *Ace Ventura*. This implies that the inclusion of Action/Adventure elements (present in both *Waterworld* and *Batman Forever*) is more tolerable or even preferred by the user than a standalone comedy.
2.  **Ambivalence Toward Action-Heavy Films:** While *Mask* (Action|Comedy) was rated low (2.0/5), the user did not hate it. Combined with the 3.0/5 for the action-heavy *Batman Forever*, there is no evidence that the user hates the ""Action"" component of *Waterworld*; they simply seem to dislike comedies that rely solely on slapstick or absurdity (*Ace Ventura*).
3.  **Genre Overlap:** Both target films (*Waterworld* and *Clueless*) share the **1995** release year and contain **Adventure** elements (inferred as a shared era trope or explicit in *Waterworld*). If the user's rating of 3.0 for *Apollo 13* (Adventure|Drama) is driven by the Adventure aspect, they might appreciate *Waterworld*'s Adventure/Sci-Fi blend just as much as they appreciate *Clueless*'s Romance, making the prediction of a clear winner less certain.
4.  **Lack of Extreme Preference for Romance:** The only ""positive"" rating (3.0) applies to *While You Were Sleeping*, which is not a high score (it is neutral). There is no evidence of the user loving this genre (e.g., no 4.0 or 5.0 ratings), so assuming *Clueless* will be rated *higher* than *Waterworld* relies heavily on the assumption that *Waterworld* will be rated low due to its lack of romance, rather than high due to its action.

TASK: Respond with a digit ONLY.
Output 0 to implement your prediction, or 1 to escalate to Person 1.
A decision is correct if it matches the movie Person 1 would rate higher.

[DECISION]
1",2026-03-06 14:39:19
199873,94953,97834,2.0,3.0,3.3430882788103156,3.665663694509807,2,"Person 1 has reviewed the following movies:

- Pirates of the Caribbean: The Curse of the Black Pearl (2003) (Action|Adventure|Comedy|Fantasy): Rated 4.5/5
- Mission: Impossible (1996) (Action|Adventure|Mystery|Thriller): Rated 3.0/5
- Rite, The (2011) (Drama|Horror|Thriller): Rated 2.5/5
- What Happens in Vegas... (2008) (Comedy|Romance): Rated 3.5/5
- Shanghai Noon (2000) (Action|Adventure|Comedy|Western): Rated 4.0/5

Consider these two movies they have not seen:

- Wanderlust (2012) (Comedy)
- Craigslist Joe (2012) (Adventure|Documentary)
",evidence,Qwen/Qwen3.5-9B,1,1,"Person 1 would likely rate the first movie, *Wanderlust*, higher because their viewing history shows a strong preference for comedies (rated 4.5/5 and 3.5/5) over documentaries, and they have no prior record of rating adventure-documentary hybrids.

PREDICTION: 1","Based on the scenario provided, here is the breakdown of the evidence supporting and contradicting the prediction that Person 1 would rate *Wanderlust* higher than *Craigslist Joe*.

### Evidence Supporting the Prediction
The prediction relies on the strong correlation between Person 1's high ratings for pure comedies and the genre classification of *Wanderlust*.

*   **High Rating for *Pirates of the Caribbean*:** This film contains a ""Comedy"" tag and received the highest rating (4.5/5). This establishes a baseline that Person 1 enjoys films with comedic elements, even within Action/Fantasy frameworks.
*   **High Rating for *What Happens in Vegas...*:** This is a pure ""Comedy|Romance"" film rated 3.5/5. This reinforces the preference for the Comedy genre specifically.
*   **Genre Alignment:** *Wanderlust* is classified strictly as a ""Comedy."" Given Person 1's two highest-rated films both contain comedy and their only pure genre film (*What Happens in Vegas...*) is also positive, the genre match is the strongest predictor.
*   **Low Rating for Non-Comedy/Thriller:** Both *Mission: Impossible* (Action/Thriller) and *Rite, The* (Horror/Thriller) received lower ratings (3.0 and 2.5, respectively), suggesting Person 1 is less enthusiastic about serious, tense, or non-comedic thrillers, which aligns with avoiding *Craigslist Joe* if it leans into serious adventure.

### Evidence Contradicting the Prediction
There is limited direct evidence contradicting the preference for comedies, but there are significant gaps and negative signals regarding the specific sub-genres of the choice films.

*   **No Record of Pure Comedy Preference:** While *Pirates* and *Vegas* have comedy tags, they are mixed genres. Person 1 has not rated a standalone comedy (like *Wanderlust*) yet, so the 4.5/5 rating for *Pirates* could theoretically be driven by the Action or Fantasy elements rather than the comedy itself.
*   **Mixed Feelings on Adventure:** Person 1 rated *Shanghai Noon* (Action|Adventure|Comedy|Western) highly (4.0/5), but also rated *Mission: Impossible* (Action|Adventure|Thriller) lower (3.0/5). This indicates that ""Adventure"" alone is not a guaranteed positive trait; it depends heavily on the tone. *Craigslist Joe* is an ""Adventure|Documentary,"" which sits in a middle ground that Person 1 hasn't fully explored.
*   **Risk of Documentary Fatigue:** Person 1 has shown a clear dislike for serious or niche dramas (*Rite, The* at 2.5/5). *Craigslist Joe* is a documentary. If Person 1 views documentaries as ""serious drama,"" they might dislike it. However, the prediction assumes they will dislike the documentary aspect of *Craigslist Joe*. The contradiction lies in the fact that we don't know if Person 1 would accept a ""Documentary"" that is lighthearted adventure, whereas *Wanderlust* is explicitly a comedy.
*   **The ""Adventure"" Variable:** Since *Shanghai Noon* (Action-Adventure-Comedy) was rated 4.0/5, there is a possibility that Person 1 enjoys the specific ""Adventure"" blend found in *Craigslist Joe* more than the specific ""Comedy"" blend in *Wanderlust*, provided the documentary aspect doesn't feel too dry. The lack of data on ""Adventure Documentaries"" makes the prediction a guess rather than a certainty derived from high-confidence data points.

### Conclusion
The prediction is **strongly supported** by the pattern that Person 1 rates comedies positively and non-comedic thrillers/niche dramas negatively. The primary contradiction is the lack of data on how Person 1 handles ""Adventure"" when it is paired with ""Documentary,"" as their previous Adventure ratings were split based on whether the companion genre was Comedy (Positive) or Thriller (Negative).","[THOUGHT PROMPT]
Person 1 has reviewed the following movies:

- Pirates of the Caribbean: The Curse of the Black Pearl (2003) (Action|Adventure|Comedy|Fantasy): Rated 4.5/5
- Mission: Impossible (1996) (Action|Adventure|Mystery|Thriller): Rated 3.0/5
- Rite, The (2011) (Drama|Horror|Thriller): Rated 2.5/5
- What Happens in Vegas... (2008) (Comedy|Romance): Rated 3.5/5
- Shanghai Noon (2000) (Action|Adventure|Comedy|Western): Rated 4.0/5

Consider these two movies they have not seen:

- Wanderlust (2012) (Comedy)
- Craigslist Joe (2012) (Adventure|Documentary)


TASK: Predict which movie Person 1 would rate higher. Explain your reasoning in 1 sentence. Then conclude with exactly 'PREDICTION: 1' (first movie) or 'PREDICTION: 2' (second movie).

[THOUGHT]
Person 1 would likely rate the first movie, *Wanderlust*, higher because their viewing history shows a strong preference for comedies (rated 4.5/5 and 3.5/5) over documentaries, and they have no prior record of rating adventure-documentary hybrids.

PREDICTION: 1

[EVAL PROMPT]
SCENARIO:
Person 1 has reviewed the following movies:

- Pirates of the Caribbean: The Curse of the Black Pearl (2003) (Action|Adventure|Comedy|Fantasy): Rated 4.5/5
- Mission: Impossible (1996) (Action|Adventure|Mystery|Thriller): Rated 3.0/5
- Rite, The (2011) (Drama|Horror|Thriller): Rated 2.5/5
- What Happens in Vegas... (2008) (Comedy|Romance): Rated 3.5/5
- Shanghai Noon (2000) (Action|Adventure|Comedy|Western): Rated 4.0/5

Consider these two movies they have not seen:

- Wanderlust (2012) (Comedy)
- Craigslist Joe (2012) (Adventure|Documentary)


PREDICTION & REASONING:
Person 1 would likely rate the first movie, *Wanderlust*, higher because their viewing history shows a strong preference for comedies (rated 4.5/5 and 3.5/5) over documentaries, and they have no prior record of rating adventure-documentary hybrids.

PREDICTION: 1

TASK: List the specific evidence in this scenario that supports your prediction, and the evidence that contradicts it.

[EVALUATION]
Based on the scenario provided, here is the breakdown of the evidence supporting and contradicting the prediction that Person 1 would rate *Wanderlust* higher than *Craigslist Joe*.

### Evidence Supporting the Prediction
The prediction relies on the strong correlation between Person 1's high ratings for pure comedies and the genre classification of *Wanderlust*.

*   **High Rating for *Pirates of the Caribbean*:** This film contains a ""Comedy"" tag and received the highest rating (4.5/5). This establishes a baseline that Person 1 enjoys films with comedic elements, even within Action/Fantasy frameworks.
*   **High Rating for *What Happens in Vegas...*:** This is a pure ""Comedy|Romance"" film rated 3.5/5. This reinforces the preference for the Comedy genre specifically.
*   **Genre Alignment:** *Wanderlust* is classified strictly as a ""Comedy."" Given Person 1's two highest-rated films both contain comedy and their only pure genre film (*What Happens in Vegas...*) is also positive, the genre match is the strongest predictor.
*   **Low Rating for Non-Comedy/Thriller:** Both *Mission: Impossible* (Action/Thriller) and *Rite, The* (Horror/Thriller) received lower ratings (3.0 and 2.5, respectively), suggesting Person 1 is less enthusiastic about serious, tense, or non-comedic thrillers, which aligns with avoiding *Craigslist Joe* if it leans into serious adventure.

### Evidence Contradicting the Prediction
There is limited direct evidence contradicting the preference for comedies, but there are significant gaps and negative signals regarding the specific sub-genres of the choice films.

*   **No Record of Pure Comedy Preference:** While *Pirates* and *Vegas* have comedy tags, they are mixed genres. Person 1 has not rated a standalone comedy (like *Wanderlust*) yet, so the 4.5/5 rating for *Pirates* could theoretically be driven by the Action or Fantasy elements rather than the comedy itself.
*   **Mixed Feelings on Adventure:** Person 1 rated *Shanghai Noon* (Action|Adventure|Comedy|Western) highly (4.0/5), but also rated *Mission: Impossible* (Action|Adventure|Thriller) lower (3.0/5). This indicates that ""Adventure"" alone is not a guaranteed positive trait; it depends heavily on the tone. *Craigslist Joe* is an ""Adventure|Documentary,"" which sits in a middle ground that Person 1 hasn't fully explored.
*   **Risk of Documentary Fatigue:** Person 1 has shown a clear dislike for serious or niche dramas (*Rite, The* at 2.5/5). *Craigslist Joe* is a documentary. If Person 1 views documentaries as ""serious drama,"" they might dislike it. However, the prediction assumes they will dislike the documentary aspect of *Craigslist Joe*. The contradiction lies in the fact that we don't know if Person 1 would accept a ""Documentary"" that is lighthearted adventure, whereas *Wanderlust* is explicitly a comedy.
*   **The ""Adventure"" Variable:** Since *Shanghai Noon* (Action-Adventure-Comedy) was rated 4.0/5, there is a possibility that Person 1 enjoys the specific ""Adventure"" blend found in *Craigslist Joe* more than the specific ""Comedy"" blend in *Wanderlust*, provided the documentary aspect doesn't feel too dry. The lack of data on ""Adventure Documentaries"" makes the prediction a guess rather than a certainty derived from high-confidence data points.

### Conclusion
The prediction is **strongly supported** by the pattern that Person 1 rates comedies positively and non-comedic thrillers/niche dramas negatively. The primary contradiction is the lack of data on how Person 1 handles ""Adventure"" when it is paired with ""Documentary,"" as their previous Adventure ratings were split based on whether the companion genre was Comedy (Positive) or Thriller (Negative).

[DECISION PROMPT]
SCENARIO:
Person 1 has reviewed the following movies:

- Pirates of the Caribbean: The Curse of the Black Pearl (2003) (Action|Adventure|Comedy|Fantasy): Rated 4.5/5
- Mission: Impossible (1996) (Action|Adventure|Mystery|Thriller): Rated 3.0/5
- Rite, The (2011) (Drama|Horror|Thriller): Rated 2.5/5
- What Happens in Vegas... (2008) (Comedy|Romance): Rated 3.5/5
- Shanghai Noon (2000) (Action|Adventure|Comedy|Western): Rated 4.0/5

Consider these two movies they have not seen:

- Wanderlust (2012) (Comedy)
- Craigslist Joe (2012) (Adventure|Documentary)


PREDICTION & REASONING:
Person 1 would likely rate the first movie, *Wanderlust*, higher because their viewing history shows a strong preference for comedies (rated 4.5/5 and 3.5/5) over documentaries, and they have no prior record of rating adventure-documentary hybrids.

PREDICTION: 1

EVALUATION:
Based on the scenario provided, here is the breakdown of the evidence supporting and contradicting the prediction that Person 1 would rate *Wanderlust* higher than *Craigslist Joe*.

### Evidence Supporting the Prediction
The prediction relies on the strong correlation between Person 1's high ratings for pure comedies and the genre classification of *Wanderlust*.

*   **High Rating for *Pirates of the Caribbean*:** This film contains a ""Comedy"" tag and received the highest rating (4.5/5). This establishes a baseline that Person 1 enjoys films with comedic elements, even within Action/Fantasy frameworks.
*   **High Rating for *What Happens in Vegas...*:** This is a pure ""Comedy|Romance"" film rated 3.5/5. This reinforces the preference for the Comedy genre specifically.
*   **Genre Alignment:** *Wanderlust* is classified strictly as a ""Comedy."" Given Person 1's two highest-rated films both contain comedy and their only pure genre film (*What Happens in Vegas...*) is also positive, the genre match is the strongest predictor.
*   **Low Rating for Non-Comedy/Thriller:** Both *Mission: Impossible* (Action/Thriller) and *Rite, The* (Horror/Thriller) received lower ratings (3.0 and 2.5, respectively), suggesting Person 1 is less enthusiastic about serious, tense, or non-comedic thrillers, which aligns with avoiding *Craigslist Joe* if it leans into serious adventure.

### Evidence Contradicting the Prediction
There is limited direct evidence contradicting the preference for comedies, but there are significant gaps and negative signals regarding the specific sub-genres of the choice films.

*   **No Record of Pure Comedy Preference:** While *Pirates* and *Vegas* have comedy tags, they are mixed genres. Person 1 has not rated a standalone comedy (like *Wanderlust*) yet, so the 4.5/5 rating for *Pirates* could theoretically be driven by the Action or Fantasy elements rather than the comedy itself.
*   **Mixed Feelings on Adventure:** Person 1 rated *Shanghai Noon* (Action|Adventure|Comedy|Western) highly (4.0/5), but also rated *Mission: Impossible* (Action|Adventure|Thriller) lower (3.0/5). This indicates that ""Adventure"" alone is not a guaranteed positive trait; it depends heavily on the tone. *Craigslist Joe* is an ""Adventure|Documentary,"" which sits in a middle ground that Person 1 hasn't fully explored.
*   **Risk of Documentary Fatigue:** Person 1 has shown a clear dislike for serious or niche dramas (*Rite, The* at 2.5/5). *Craigslist Joe* is a documentary. If Person 1 views documentaries as ""serious drama,"" they might dislike it. However, the prediction assumes they will dislike the documentary aspect of *Craigslist Joe*. The contradiction lies in the fact that we don't know if Person 1 would accept a ""Documentary"" that is lighthearted adventure, whereas *Wanderlust* is explicitly a comedy.
*   **The ""Adventure"" Variable:** Since *Shanghai Noon* (Action-Adventure-Comedy) was rated 4.0/5, there is a possibility that Person 1 enjoys the specific ""Adventure"" blend found in *Craigslist Joe* more than the specific ""Comedy"" blend in *Wanderlust*, provided the documentary aspect doesn't feel too dry. The lack of data on ""Adventure Documentaries"" makes the prediction a guess rather than a certainty derived from high-confidence data points.

### Conclusion
The prediction is **strongly supported** by the pattern that Person 1 rates comedies positively and non-comedic thrillers/niche dramas negatively. The primary contradiction is the lack of data on how Person 1 handles ""Adventure"" when it is paired with ""Documentary,"" as their previous Adventure ratings were split based on whether the companion genre was Comedy (Positive) or Thriller (Negative).

TASK: Respond with a digit ONLY.
Output 0 to implement your prediction, or 1 to escalate to Person 1.
A decision is correct if it matches the movie Person 1 would rate higher.

[DECISION]
1",2026-03-06 14:39:19
200723,89090,3897,4.0,3.5,3.590048131729323,3.653284443444558,1,"Person 1 has reviewed the following movies:

- Life Is Beautiful (La Vita è bella) (1997) (Comedy|Drama|Romance|War): Rated 5.0/5
- About a Boy (2002) (Comedy|Drama|Romance): Rated 4.0/5
- Godfather, The (1972) (Crime|Drama): Rated 5.0/5
- The Imitation Game (2014) (Drama|Thriller|War): Rated 4.0/5
- Princess Bride, The (1987) (Action|Adventure|Comedy|Fantasy|Romance): Rated 5.0/5

Consider these two movies they have not seen:

- Almost Famous (2000) (Drama)
- Bill Cunningham New York (2011) (Documentary)
",evidence,Qwen/Qwen3.5-9B,1,1,"Person 1 has consistently given perfect 5.0/5 scores to emotionally resonant dramas and biographical stories like *The Godfather* and *The Imitation Game*, suggesting a strong preference for the dramatic depth found in *Almost Famous* over the specific documentary format of *Bill Cunningham New York*.

PREDICTION: 1","Based on the scenario provided, here is the specific evidence supporting and contradicting the prediction that Person 1 will prefer *Almost Famous* (Prediction 1) over *Bill Cunningham New York*.

### Evidence Supporting the Prediction (Preference for *Almost Famous*)

The primary support for this prediction lies in Person 1's historical preference for **narrative biographical dramas** that blend emotional resonance with historical or personal struggle, rather than non-fiction documentaries.

*   **Preference for Biographical/True Stories:** Person 1 gave a perfect 5.0/5 score to *The Imitation Game* (2014), a biographical drama based on the true story of Alan Turing. This indicates a strong affinity for dramatized accounts of real people and historical events, which aligns perfectly with the narrative structure of *Almost Famous*.
*   **High Valuation of ""Drama"" Genre:** Four out of the five movies reviewed (*Life Is Beautiful*, *About a Boy*, *The Godfather*, *The Imitation Game*) are classified under ""Drama."" Person 1 has consistently rated these highly (4.0 or 5.0), suggesting they value the dramatic genre significantly more than others. *Almost Famous* is explicitly listed as a ""Drama,"" whereas *Bill Cunningham New York* is listed as a ""Documentary.""
*   **Emotional Resonance over Format:** The reasoning highlights that Person 1 scores high on ""emotionally resonant dramas."" *Almost Famous* is a widely acclaimed film known for its emotional depth and character study. In contrast, Person 1's pattern does not suggest a preference for the specific format of documentary filmmaking; they prefer the cinematic storytelling style seen in *Princess Bride* and *Godfather*.
*   **Consistency in Rating Scale:** Person 1 uses a wide range of ratings (from 4.0 to 5.0) but reserves 5.0 for specific types of stories. Since *Almost Famous* fits the ""biographical drama"" profile of their highest-rated film (*The Imitation Game*), it is statistically more likely to receive a high score than a documentary, which falls outside their primary genre consumption pattern.

### Evidence Contradicting the Prediction (Potential Preference for *Bill Cunningham New York* or Indifference)

There is limited direct evidence in the scenario that contradicts the prediction, as Person 1 has **not yet seen** *Bill Cunningham New York*. However, there are implicit factors that could challenge the certainty of the prediction:

*   **Lack of Documentary Precedent:** The strongest counter-evidence is the complete absence of any ""Documentary"" in Person 1's review history. They have only rated narrative fiction films. While they may like the *subject matter* of *Bill Cunningham* (fashion, New York life), there is no data to prove they value the *documentary format* itself. They might dislike the format regardless of the subject matter, or conversely, they might find it boring compared to the narrative structure of *The Godfather*. The prediction assumes a thematic preference outweighs a format preference, but without prior exposure to documentaries, this assumption is unverified.
*   **Genre Specificity vs. Subject Matter:** Person 1's high ratings for *Life Is Beautiful* (War/Comedy/Drama) and *Princess Bride* (Fantasy/Comedy) suggest an enjoyment of escapist or genre-bending elements. *Bill Cunningham New York* is a straightforward documentary without the fantastical or comedic elements found in their top-rated films. One could argue that Person 1 might prefer the escapism of *Almost Famous* even less if they are actually looking for the ""real world"" authenticity found in documentaries, though this contradicts the current data which shows they prefer high-production fictional dramas.
*   **The ""Perfect Score"" Threshold:** Person 1 only gives a 5.0/5 to two films (*Life Is Beautiful* and *Princess Bride*) out of five reviews, despite liking most of the other highly-rated dramas. This suggests a very high bar for a ""perfect"" score. It is possible that Person 1 rates *Bill Cunningham* highly (e.g., 4.0 or 5.0) if they view it as a profound character study, thereby making the binary choice between ""Drama"" and ""Documentary"" less relevant than the specific quality of the storytelling, which is unknown.","[THOUGHT PROMPT]
Person 1 has reviewed the following movies:

- Life Is Beautiful (La Vita è bella) (1997) (Comedy|Drama|Romance|War): Rated 5.0/5
- About a Boy (2002) (Comedy|Drama|Romance): Rated 4.0/5
- Godfather, The (1972) (Crime|Drama): Rated 5.0/5
- The Imitation Game (2014) (Drama|Thriller|War): Rated 4.0/5
- Princess Bride, The (1987) (Action|Adventure|Comedy|Fantasy|Romance): Rated 5.0/5

Consider these two movies they have not seen:

- Almost Famous (2000) (Drama)
- Bill Cunningham New York (2011) (Documentary)


TASK: Predict which movie Person 1 would rate higher. Explain your reasoning in 1 sentence. Then conclude with exactly 'PREDICTION: 1' (first movie) or 'PREDICTION: 2' (second movie).

[THOUGHT]
Person 1 has consistently given perfect 5.0/5 scores to emotionally resonant dramas and biographical stories like *The Godfather* and *The Imitation Game*, suggesting a strong preference for the dramatic depth found in *Almost Famous* over the specific documentary format of *Bill Cunningham New York*.

PREDICTION: 1

[EVAL PROMPT]
SCENARIO:
Person 1 has reviewed the following movies:

- Life Is Beautiful (La Vita è bella) (1997) (Comedy|Drama|Romance|War): Rated 5.0/5
- About a Boy (2002) (Comedy|Drama|Romance): Rated 4.0/5
- Godfather, The (1972) (Crime|Drama): Rated 5.0/5
- The Imitation Game (2014) (Drama|Thriller|War): Rated 4.0/5
- Princess Bride, The (1987) (Action|Adventure|Comedy|Fantasy|Romance): Rated 5.0/5

Consider these two movies they have not seen:

- Almost Famous (2000) (Drama)
- Bill Cunningham New York (2011) (Documentary)


PREDICTION & REASONING:
Person 1 has consistently given perfect 5.0/5 scores to emotionally resonant dramas and biographical stories like *The Godfather* and *The Imitation Game*, suggesting a strong preference for the dramatic depth found in *Almost Famous* over the specific documentary format of *Bill Cunningham New York*.

PREDICTION: 1

TASK: List the specific evidence in this scenario that supports your prediction, and the evidence that contradicts it.

[EVALUATION]
Based on the scenario provided, here is the specific evidence supporting and contradicting the prediction that Person 1 will prefer *Almost Famous* (Prediction 1) over *Bill Cunningham New York*.

### Evidence Supporting the Prediction (Preference for *Almost Famous*)

The primary support for this prediction lies in Person 1's historical preference for **narrative biographical dramas** that blend emotional resonance with historical or personal struggle, rather than non-fiction documentaries.

*   **Preference for Biographical/True Stories:** Person 1 gave a perfect 5.0/5 score to *The Imitation Game* (2014), a biographical drama based on the true story of Alan Turing. This indicates a strong affinity for dramatized accounts of real people and historical events, which aligns perfectly with the narrative structure of *Almost Famous*.
*   **High Valuation of ""Drama"" Genre:** Four out of the five movies reviewed (*Life Is Beautiful*, *About a Boy*, *The Godfather*, *The Imitation Game*) are classified under ""Drama."" Person 1 has consistently rated these highly (4.0 or 5.0), suggesting they value the dramatic genre significantly more than others. *Almost Famous* is explicitly listed as a ""Drama,"" whereas *Bill Cunningham New York* is listed as a ""Documentary.""
*   **Emotional Resonance over Format:** The reasoning highlights that Person 1 scores high on ""emotionally resonant dramas."" *Almost Famous* is a widely acclaimed film known for its emotional depth and character study. In contrast, Person 1's pattern does not suggest a preference for the specific format of documentary filmmaking; they prefer the cinematic storytelling style seen in *Princess Bride* and *Godfather*.
*   **Consistency in Rating Scale:** Person 1 uses a wide range of ratings (from 4.0 to 5.0) but reserves 5.0 for specific types of stories. Since *Almost Famous* fits the ""biographical drama"" profile of their highest-rated film (*The Imitation Game*), it is statistically more likely to receive a high score than a documentary, which falls outside their primary genre consumption pattern.

### Evidence Contradicting the Prediction (Potential Preference for *Bill Cunningham New York* or Indifference)

There is limited direct evidence in the scenario that contradicts the prediction, as Person 1 has **not yet seen** *Bill Cunningham New York*. However, there are implicit factors that could challenge the certainty of the prediction:

*   **Lack of Documentary Precedent:** The strongest counter-evidence is the complete absence of any ""Documentary"" in Person 1's review history. They have only rated narrative fiction films. While they may like the *subject matter* of *Bill Cunningham* (fashion, New York life), there is no data to prove they value the *documentary format* itself. They might dislike the format regardless of the subject matter, or conversely, they might find it boring compared to the narrative structure of *The Godfather*. The prediction assumes a thematic preference outweighs a format preference, but without prior exposure to documentaries, this assumption is unverified.
*   **Genre Specificity vs. Subject Matter:** Person 1's high ratings for *Life Is Beautiful* (War/Comedy/Drama) and *Princess Bride* (Fantasy/Comedy) suggest an enjoyment of escapist or genre-bending elements. *Bill Cunningham New York* is a straightforward documentary without the fantastical or comedic elements found in their top-rated films. One could argue that Person 1 might prefer the escapism of *Almost Famous* even less if they are actually looking for the ""real world"" authenticity found in documentaries, though this contradicts the current data which shows they prefer high-production fictional dramas.
*   **The ""Perfect Score"" Threshold:** Person 1 only gives a 5.0/5 to two films (*Life Is Beautiful* and *Princess Bride*) out of five reviews, despite liking most of the other highly-rated dramas. This suggests a very high bar for a ""perfect"" score. It is possible that Person 1 rates *Bill Cunningham* highly (e.g., 4.0 or 5.0) if they view it as a profound character study, thereby making the binary choice between ""Drama"" and ""Documentary"" less relevant than the specific quality of the storytelling, which is unknown.

[DECISION PROMPT]
SCENARIO:
Person 1 has reviewed the following movies:

- Life Is Beautiful (La Vita è bella) (1997) (Comedy|Drama|Romance|War): Rated 5.0/5
- About a Boy (2002) (Comedy|Drama|Romance): Rated 4.0/5
- Godfather, The (1972) (Crime|Drama): Rated 5.0/5
- The Imitation Game (2014) (Drama|Thriller|War): Rated 4.0/5
- Princess Bride, The (1987) (Action|Adventure|Comedy|Fantasy|Romance): Rated 5.0/5

Consider these two movies they have not seen:

- Almost Famous (2000) (Drama)
- Bill Cunningham New York (2011) (Documentary)


PREDICTION & REASONING:
Person 1 has consistently given perfect 5.0/5 scores to emotionally resonant dramas and biographical stories like *The Godfather* and *The Imitation Game*, suggesting a strong preference for the dramatic depth found in *Almost Famous* over the specific documentary format of *Bill Cunningham New York*.

PREDICTION: 1

EVALUATION:
Based on the scenario provided, here is the specific evidence supporting and contradicting the prediction that Person 1 will prefer *Almost Famous* (Prediction 1) over *Bill Cunningham New York*.

### Evidence Supporting the Prediction (Preference for *Almost Famous*)

The primary support for this prediction lies in Person 1's historical preference for **narrative biographical dramas** that blend emotional resonance with historical or personal struggle, rather than non-fiction documentaries.

*   **Preference for Biographical/True Stories:** Person 1 gave a perfect 5.0/5 score to *The Imitation Game* (2014), a biographical drama based on the true story of Alan Turing. This indicates a strong affinity for dramatized accounts of real people and historical events, which aligns perfectly with the narrative structure of *Almost Famous*.
*   **High Valuation of ""Drama"" Genre:** Four out of the five movies reviewed (*Life Is Beautiful*, *About a Boy*, *The Godfather*, *The Imitation Game*) are classified under ""Drama."" Person 1 has consistently rated these highly (4.0 or 5.0), suggesting they value the dramatic genre significantly more than others. *Almost Famous* is explicitly listed as a ""Drama,"" whereas *Bill Cunningham New York* is listed as a ""Documentary.""
*   **Emotional Resonance over Format:** The reasoning highlights that Person 1 scores high on ""emotionally resonant dramas."" *Almost Famous* is a widely acclaimed film known for its emotional depth and character study. In contrast, Person 1's pattern does not suggest a preference for the specific format of documentary filmmaking; they prefer the cinematic storytelling style seen in *Princess Bride* and *Godfather*.
*   **Consistency in Rating Scale:** Person 1 uses a wide range of ratings (from 4.0 to 5.0) but reserves 5.0 for specific types of stories. Since *Almost Famous* fits the ""biographical drama"" profile of their highest-rated film (*The Imitation Game*), it is statistically more likely to receive a high score than a documentary, which falls outside their primary genre consumption pattern.

### Evidence Contradicting the Prediction (Potential Preference for *Bill Cunningham New York* or Indifference)

There is limited direct evidence in the scenario that contradicts the prediction, as Person 1 has **not yet seen** *Bill Cunningham New York*. However, there are implicit factors that could challenge the certainty of the prediction:

*   **Lack of Documentary Precedent:** The strongest counter-evidence is the complete absence of any ""Documentary"" in Person 1's review history. They have only rated narrative fiction films. While they may like the *subject matter* of *Bill Cunningham* (fashion, New York life), there is no data to prove they value the *documentary format* itself. They might dislike the format regardless of the subject matter, or conversely, they might find it boring compared to the narrative structure of *The Godfather*. The prediction assumes a thematic preference outweighs a format preference, but without prior exposure to documentaries, this assumption is unverified.
*   **Genre Specificity vs. Subject Matter:** Person 1's high ratings for *Life Is Beautiful* (War/Comedy/Drama) and *Princess Bride* (Fantasy/Comedy) suggest an enjoyment of escapist or genre-bending elements. *Bill Cunningham New York* is a straightforward documentary without the fantastical or comedic elements found in their top-rated films. One could argue that Person 1 might prefer the escapism of *Almost Famous* even less if they are actually looking for the ""real world"" authenticity found in documentaries, though this contradicts the current data which shows they prefer high-production fictional dramas.
*   **The ""Perfect Score"" Threshold:** Person 1 only gives a 5.0/5 to two films (*Life Is Beautiful* and *Princess Bride*) out of five reviews, despite liking most of the other highly-rated dramas. This suggests a very high bar for a ""perfect"" score. It is possible that Person 1 rates *Bill Cunningham* highly (e.g., 4.0 or 5.0) if they view it as a profound character study, thereby making the binary choice between ""Drama"" and ""Documentary"" less relevant than the specific quality of the storytelling, which is unknown.

TASK: Respond with a digit ONLY.
Output 0 to implement your prediction, or 1 to escalate to Person 1.
A decision is correct if it matches the movie Person 1 would rate higher.

[DECISION]
1",2026-03-06 14:39:19
199478,2019,80463,2.0,4.5,3.6239312241512365,3.6514146776137575,2,"Person 1 has reviewed the following movies:

- Captain Marvel (2018) (Action|Adventure|Sci-Fi): Rated 2.5/5
- Last Boy Scout, The (1991) (Action|Comedy|Crime|Drama|Thriller): Rated 1.0/5
- Starsky & Hutch (2004) (Action|Comedy|Crime|Thriller): Rated 4.0/5
- Sleeping with Other People (2015) (Comedy|Drama|Romance): Rated 1.5/5
- Ben-Hur (1959) (Action|Adventure|Drama): Rated 0.5/5

Consider these two movies they have not seen:

- Social Network, The (2010) (Drama)
- Seven Samurai (Shichinin no samurai) (1954) (Action|Adventure|Drama)
",evidence,Qwen/Qwen3.5-9B,1,1,"Person 1 has demonstrated a strong preference for comedic action films with modern or lighthearted tones, as evidenced by their high rating for *Starsky & Hutch* (2004) compared to their low scores for serious dramas and heavy action epics like *Ben-Hur* and *The Last Boy Scout*, making them more likely to enjoy the character-driven drama and dialogue of *The Social Network* over the traditional samurai epic *Seven Samurai*.

PREDICTION: 1","Based on the scenario provided, here is the breakdown of evidence supporting and contradicting the prediction that Person 1 will prefer *The Social Network* over *Seven Samurai*.

### Evidence Supporting the Prediction
*   **Preference for Modern Settings and Dialogue:** Person 1 gave a high rating (**4.0/5**) to *Starsky & Hutch* (2004), a modernized action-comedy, while giving very low scores to period epics. This suggests a strong preference for contemporary or re-imagined settings over traditional historical narratives, which aligns with the modern setting of *The Social Network* (2010) versus the 1950s setting of *Seven Samurai*.
*   **Aversion to Heavy Action Epics:** Person 1 rated *Ben-Hur* (1959), a classic action/adventure epic, extremely poorly (**0.5/5**). Since *Seven Samurai* is a traditional samurai epic with similar structural elements to *Ben-Hur*, this rating serves as a strong indicator that Person 1 would likely dislike the genre conventions of *Seven Samurai* as well.
*   **Dislike for Serious/Traditional Dramas:** Person 1 rated *The Last Boy Scout* (1991), which contains drama and thriller elements, very low (**1.0/5**). While *The Social Network* is a drama, it is character-driven and dialogue-focused, whereas *Seven Samurai* is an action-heavy epic. The low score on the mixed-genre film supports the idea that Person 1 avoids films where serious drama is the dominant or heavy component without a strong comedic or lighthearted anchor.
*   **Preference for Lighthearted Tones:** The highest rating given was for *Starsky & Hutch*, which is explicitly categorized as Action|Comedy. This indicates Person 1 prioritizes tone (humor/lightheartedness) over genre, making the more conversational and character-focused *The Social Network* a theoretically safer bet than the intense, action-oriented *Seven Samurai*.

### Evidence Contradicting the Prediction
*   **Low Tolerance for Drama Regardless of Tone:** Person 1 rated *Sleeping with Other People* (2015)—a Comedy|Drama|Romance film with a modern setting—very poorly (**1.5/5**). This contradicts the assumption that Person 1 enjoys modern character-driven dramas. Since *The Social Network* is also a character-driven drama, the rejection of *Sleeping with Other People* suggests Person 1 may not enjoy the dramatic core of *The Social Network* either.
*   **Potential Dislike for Dialogue-Heavy Films:** While *The Social Network* is dialogue-driven, Person 1's low rating of *Starsky & Hutch* (4.0/5) is actually high, but their absolute hatred for *Ben-Hur* and *The Last Boy Scout* suggests they dislike films where plot or ""seriousness"" overshadows entertainment value. If *The Social Network* feels too serious or dense, it may share the same fate as *Ben-Hur*.
*   **Ambiguity of ""Action"" Preference:** Person 1 rated three action films poorly (*Captain Marvel* 2.5, *The Last Boy Scout* 1.0, *Ben-Hur* 0.5) and only one action-comedy well (*Starsky & Hutch* 4.0). This implies Person 1 only likes action when it is paired with comedy. *Seven Samurai* is pure action/drama without comedy, so the prediction relies entirely on Person 1 *not* liking action epics. However, if Person 1 hates action epics for other reasons (e.g., pacing, style), they might also find the slow-burn dialogue of *The Social Network* unengaging, leading to a low score on both movies rather than a clear preference for one over the other.","[THOUGHT PROMPT]
Person 1 has reviewed the following movies:

- Captain Marvel (2018) (Action|Adventure|Sci-Fi): Rated 2.5/5
- Last Boy Scout, The (1991) (Action|Comedy|Crime|Drama|Thriller): Rated 1.0/5
- Starsky & Hutch (2004) (Action|Comedy|Crime|Thriller): Rated 4.0/5
- Sleeping with Other People (2015) (Comedy|Drama|Romance): Rated 1.5/5
- Ben-Hur (1959) (Action|Adventure|Drama): Rated 0.5/5

Consider these two movies they have not seen:

- Social Network, The (2010) (Drama)
- Seven Samurai (Shichinin no samurai) (1954) (Action|Adventure|Drama)


TASK: Predict which movie Person 1 would rate higher. Explain your reasoning in 1 sentence. Then conclude with exactly 'PREDICTION: 1' (first movie) or 'PREDICTION: 2' (second movie).

[THOUGHT]
Person 1 has demonstrated a strong preference for comedic action films with modern or lighthearted tones, as evidenced by their high rating for *Starsky & Hutch* (2004) compared to their low scores for serious dramas and heavy action epics like *Ben-Hur* and *The Last Boy Scout*, making them more likely to enjoy the character-driven drama and dialogue of *The Social Network* over the traditional samurai epic *Seven Samurai*.

PREDICTION: 1

[EVAL PROMPT]
SCENARIO:
Person 1 has reviewed the following movies:

- Captain Marvel (2018) (Action|Adventure|Sci-Fi): Rated 2.5/5
- Last Boy Scout, The (1991) (Action|Comedy|Crime|Drama|Thriller): Rated 1.0/5
- Starsky & Hutch (2004) (Action|Comedy|Crime|Thriller): Rated 4.0/5
- Sleeping with Other People (2015) (Comedy|Drama|Romance): Rated 1.5/5
- Ben-Hur (1959) (Action|Adventure|Drama): Rated 0.5/5

Consider these two movies they have not seen:

- Social Network, The (2010) (Drama)
- Seven Samurai (Shichinin no samurai) (1954) (Action|Adventure|Drama)


PREDICTION & REASONING:
Person 1 has demonstrated a strong preference for comedic action films with modern or lighthearted tones, as evidenced by their high rating for *Starsky & Hutch* (2004) compared to their low scores for serious dramas and heavy action epics like *Ben-Hur* and *The Last Boy Scout*, making them more likely to enjoy the character-driven drama and dialogue of *The Social Network* over the traditional samurai epic *Seven Samurai*.

PREDICTION: 1

TASK: List the specific evidence in this scenario that supports your prediction, and the evidence that contradicts it.

[EVALUATION]
Based on the scenario provided, here is the breakdown of evidence supporting and contradicting the prediction that Person 1 will prefer *The Social Network* over *Seven Samurai*.

### Evidence Supporting the Prediction
*   **Preference for Modern Settings and Dialogue:** Person 1 gave a high rating (**4.0/5**) to *Starsky & Hutch* (2004), a modernized action-comedy, while giving very low scores to period epics. This suggests a strong preference for contemporary or re-imagined settings over traditional historical narratives, which aligns with the modern setting of *The Social Network* (2010) versus the 1950s setting of *Seven Samurai*.
*   **Aversion to Heavy Action Epics:** Person 1 rated *Ben-Hur* (1959), a classic action/adventure epic, extremely poorly (**0.5/5**). Since *Seven Samurai* is a traditional samurai epic with similar structural elements to *Ben-Hur*, this rating serves as a strong indicator that Person 1 would likely dislike the genre conventions of *Seven Samurai* as well.
*   **Dislike for Serious/Traditional Dramas:** Person 1 rated *The Last Boy Scout* (1991), which contains drama and thriller elements, very low (**1.0/5**). While *The Social Network* is a drama, it is character-driven and dialogue-focused, whereas *Seven Samurai* is an action-heavy epic. The low score on the mixed-genre film supports the idea that Person 1 avoids films where serious drama is the dominant or heavy component without a strong comedic or lighthearted anchor.
*   **Preference for Lighthearted Tones:** The highest rating given was for *Starsky & Hutch*, which is explicitly categorized as Action|Comedy. This indicates Person 1 prioritizes tone (humor/lightheartedness) over genre, making the more conversational and character-focused *The Social Network* a theoretically safer bet than the intense, action-oriented *Seven Samurai*.

### Evidence Contradicting the Prediction
*   **Low Tolerance for Drama Regardless of Tone:** Person 1 rated *Sleeping with Other People* (2015)—a Comedy|Drama|Romance film with a modern setting—very poorly (**1.5/5**). This contradicts the assumption that Person 1 enjoys modern character-driven dramas. Since *The Social Network* is also a character-driven drama, the rejection of *Sleeping with Other People* suggests Person 1 may not enjoy the dramatic core of *The Social Network* either.
*   **Potential Dislike for Dialogue-Heavy Films:** While *The Social Network* is dialogue-driven, Person 1's low rating of *Starsky & Hutch* (4.0/5) is actually high, but their absolute hatred for *Ben-Hur* and *The Last Boy Scout* suggests they dislike films where plot or ""seriousness"" overshadows entertainment value. If *The Social Network* feels too serious or dense, it may share the same fate as *Ben-Hur*.
*   **Ambiguity of ""Action"" Preference:** Person 1 rated three action films poorly (*Captain Marvel* 2.5, *The Last Boy Scout* 1.0, *Ben-Hur* 0.5) and only one action-comedy well (*Starsky & Hutch* 4.0). This implies Person 1 only likes action when it is paired with comedy. *Seven Samurai* is pure action/drama without comedy, so the prediction relies entirely on Person 1 *not* liking action epics. However, if Person 1 hates action epics for other reasons (e.g., pacing, style), they might also find the slow-burn dialogue of *The Social Network* unengaging, leading to a low score on both movies rather than a clear preference for one over the other.

[DECISION PROMPT]
SCENARIO:
Person 1 has reviewed the following movies:

- Captain Marvel (2018) (Action|Adventure|Sci-Fi): Rated 2.5/5
- Last Boy Scout, The (1991) (Action|Comedy|Crime|Drama|Thriller): Rated 1.0/5
- Starsky & Hutch (2004) (Action|Comedy|Crime|Thriller): Rated 4.0/5
- Sleeping with Other People (2015) (Comedy|Drama|Romance): Rated 1.5/5
- Ben-Hur (1959) (Action|Adventure|Drama): Rated 0.5/5

Consider these two movies they have not seen:

- Social Network, The (2010) (Drama)
- Seven Samurai (Shichinin no samurai) (1954) (Action|Adventure|Drama)


PREDICTION & REASONING:
Person 1 has demonstrated a strong preference for comedic action films with modern or lighthearted tones, as evidenced by their high rating for *Starsky & Hutch* (2004) compared to their low scores for serious dramas and heavy action epics like *Ben-Hur* and *The Last Boy Scout*, making them more likely to enjoy the character-driven drama and dialogue of *The Social Network* over the traditional samurai epic *Seven Samurai*.

PREDICTION: 1

EVALUATION:
Based on the scenario provided, here is the breakdown of evidence supporting and contradicting the prediction that Person 1 will prefer *The Social Network* over *Seven Samurai*.

### Evidence Supporting the Prediction
*   **Preference for Modern Settings and Dialogue:** Person 1 gave a high rating (**4.0/5**) to *Starsky & Hutch* (2004), a modernized action-comedy, while giving very low scores to period epics. This suggests a strong preference for contemporary or re-imagined settings over traditional historical narratives, which aligns with the modern setting of *The Social Network* (2010) versus the 1950s setting of *Seven Samurai*.
*   **Aversion to Heavy Action Epics:** Person 1 rated *Ben-Hur* (1959), a classic action/adventure epic, extremely poorly (**0.5/5**). Since *Seven Samurai* is a traditional samurai epic with similar structural elements to *Ben-Hur*, this rating serves as a strong indicator that Person 1 would likely dislike the genre conventions of *Seven Samurai* as well.
*   **Dislike for Serious/Traditional Dramas:** Person 1 rated *The Last Boy Scout* (1991), which contains drama and thriller elements, very low (**1.0/5**). While *The Social Network* is a drama, it is character-driven and dialogue-focused, whereas *Seven Samurai* is an action-heavy epic. The low score on the mixed-genre film supports the idea that Person 1 avoids films where serious drama is the dominant or heavy component without a strong comedic or lighthearted anchor.
*   **Preference for Lighthearted Tones:** The highest rating given was for *Starsky & Hutch*, which is explicitly categorized as Action|Comedy. This indicates Person 1 prioritizes tone (humor/lightheartedness) over genre, making the more conversational and character-focused *The Social Network* a theoretically safer bet than the intense, action-oriented *Seven Samurai*.

### Evidence Contradicting the Prediction
*   **Low Tolerance for Drama Regardless of Tone:** Person 1 rated *Sleeping with Other People* (2015)—a Comedy|Drama|Romance film with a modern setting—very poorly (**1.5/5**). This contradicts the assumption that Person 1 enjoys modern character-driven dramas. Since *The Social Network* is also a character-driven drama, the rejection of *Sleeping with Other People* suggests Person 1 may not enjoy the dramatic core of *The Social Network* either.
*   **Potential Dislike for Dialogue-Heavy Films:** While *The Social Network* is dialogue-driven, Person 1's low rating of *Starsky & Hutch* (4.0/5) is actually high, but their absolute hatred for *Ben-Hur* and *The Last Boy Scout* suggests they dislike films where plot or ""seriousness"" overshadows entertainment value. If *The Social Network* feels too serious or dense, it may share the same fate as *Ben-Hur*.
*   **Ambiguity of ""Action"" Preference:** Person 1 rated three action films poorly (*Captain Marvel* 2.5, *The Last Boy Scout* 1.0, *Ben-Hur* 0.5) and only one action-comedy well (*Starsky & Hutch* 4.0). This implies Person 1 only likes action when it is paired with comedy. *Seven Samurai* is pure action/drama without comedy, so the prediction relies entirely on Person 1 *not* liking action epics. However, if Person 1 hates action epics for other reasons (e.g., pacing, style), they might also find the slow-burn dialogue of *The Social Network* unengaging, leading to a low score on both movies rather than a clear preference for one over the other.

TASK: Respond with a digit ONLY.
Output 0 to implement your prediction, or 1 to escalate to Person 1.
A decision is correct if it matches the movie Person 1 would rate higher.

[DECISION]
1",2026-03-06 14:39:19
195259,2300,59784,3.0,4.5,3.3513152484658377,3.3310776143575853,2,"Person 1 has reviewed the following movies:

- Adjustment Bureau, The (2011) (Romance|Sci-Fi|Thriller): Rated 4.5/5
- Skyfall (2012) (Action|Adventure|Thriller|IMAX): Rated 4.0/5
- Edge of Tomorrow (2014) (Action|Sci-Fi|IMAX): Rated 4.5/5
- Spirited Away (Sen to Chihiro no kamikakushi) (2001) (Adventure|Animation|Fantasy): Rated 5.0/5
- Matrix, The (1999) (Action|Sci-Fi|Thriller): Rated 5.0/5

Consider these two movies they have not seen:

- Kung Fu Panda (2008) (Action|Animation|Children|Comedy|IMAX)
- Producers, The (1968) (Comedy)
",evidence,Qwen/Qwen3.5-9B,2,1,"Person 1 has never rated an animated film or a pure comedy, so their rating for *Kung Fu Panda* is highly unpredictable, whereas *The Producers* aligns more closely with their established preference for high-rated mainstream thrillers and action films like *Skyfall* and *Edge of Tomorrow*.
PREDICTION: 2","Based on the scenario provided, here is the evidence supporting and contradicting the prediction that **Person 1** would rate *The Producers* (2) lower than *Kung Fu Panda*.

### **Evidence Supporting the Prediction (Why *The Producers* might be rated lower)**

1.  **Preference for High-Intensity Genres**: Person 1's highest-rated films (*Spirited Away* and *The Matrix*) and their other strong ratings (*Adjustment Bureau* and *Edge of Tomorrow*) are all **Action**, **Sci-Fi**, or **Fantasy** films. These genres typically involve high stakes, visual spectacle, and narrative tension, which aligns with their 4.0–5.0 rating pattern. *The Producers* is a pure **Comedy**, a genre not yet represented in their top-tier ratings.
2.  **Skepticism of ""Pure Comedy""**: The user's reasoning explicitly notes they have ""never rated... a pure comedy."" In recommendation logic, a user with no data points for a specific genre often defaults to a lower confidence score or assumes it does not match their primary consumption habits (Thriller/Action).
3.  **Lack of Overlap with Top-Rated Themes**: The common threads in Person 1's 5.0 and 4.5-rated movies are **Sci-Fi**, **Thriller**, and **Adventure**. *The Producers* (1968) does not contain these elements; it is a satire of theater production. This lack of thematic overlap suggests a lower likelihood of high enjoyment compared to a film with familiar ingredients.
4.  **The IMAX Factor**: Three of the top-rated films (*Adjustment Bureau*, *Skyfall*, *Edge of Tomorrow*) are explicitly tagged with **IMAX**. While *The Producers* isn't an action blockbuster, the user's history suggests enjoyment of large-scale cinematic experiences, which typically skew toward the action/thriller spectrum rather than a talk-heavy period comedy.

### **Evidence Contradicting the Prediction (Why *Kung Fu Panda* might be rated lower or *The Producers* higher)**

1.  **Exceptional Rating for Non-Action Animation**: Person 1 gave *Spirited Away* a perfect **5.0/5**. *Spirited Away* is an **Animation** film with **Fantasy** elements, but it is also an **Adventure**. This proves Person 1 does not reject animation; they simply prefer animation that blends with their preferred genres (Adventure/Fantasy). *Kung Fu Panda* is Action/Animation/Comedy, which shares the Action and Animation tags with *Spirited Away*.
2.  **The ""Children"" Tag Risk**: *Kung Fu Panda* is explicitly tagged with **Children**, whereas Person 1's top-rated films do not have this tag. If Person 1 prefers mature themes (Thriller, Sci-Fi), a film marketed for children might result in a lower rating than expected, potentially dragging the prediction for *Kung Fu Panda* down despite the animation tag.
3.  **Rating Discrepancy in Action/Thriller**: Person 1 rated *Skyfall* (Action/Thriller) at **4.0/5**, while rating *The Matrix* (Action/Sci-Fi/Thriller) and *Edge of Tomorrow* (Action/Sci-Fi) at **4.5/5** and **5.0/5**. This suggests a nuance where standard Action/Thrillers might not hit the ""perfect score"" ceiling as easily as Sci-Fi/Action hybrids. *The Producers* is a Comedy; if Person 1 dislikes comedies, they might rate it low, but if they find *Kung Fu Panda* too childish or lacking in the ""Thriller"" depth they love, *Kung Fu Panda* could also score low (e.g., a 3.0 or 3.5), making the gap between the two films smaller than the prediction suggests.
4.  **The ""Unpredictable"" Factor**: The prompt states the rating for *Kung Fu Panda* is ""highly unpredictable."" If the user loves *Spirited Away* (5.0), they might actually love *Kung Fu Panda* (Action + Animation) just as much, potentially giving it a 4.5 or 5.0. In this case, *The Producers* (0 data points) would indeed be the bigger risk for a low rating, but the prediction assumes *The Producers* will be rated **2**. If *The Producers* is rated a 6 (on a 10 scale) or 4 (on a 5 scale), the prediction fails. However, the strongest contradiction is that *Spirited Away* proves Animation is not an automatic dealbreaker, suggesting *Kung Fu Panda* could actually be a safe bet for a high rating, making the absolute certainty of *The Producers* being the *lowest* (2) less supported if *Kung Fu Panda* also flops due to the ""Children"" tag.

### **Summary of Logic**
The prediction relies on the assumption that **Genre Familiarity > Animation Acceptance**.
*   **Support**: Person 1 has zero data for ""Pure Comedy"" and prioritizes Thriller/Sci-Fi/Action.
*   **Contradiction**: Person 1 has a perfect score for a major Animation (*Spirited Away*), suggesting they appreciate high-quality animated storytelling regardless of genre, whereas *Kung Fu Panda* shares the ""Action"" and ""Animation"" tags of their favorite movies. The ""Children"" tag is the only real negative for *Kung Fu Panda*, but it is outweighed by the proven love for the medium.","[THOUGHT PROMPT]
Person 1 has reviewed the following movies:

- Adjustment Bureau, The (2011) (Romance|Sci-Fi|Thriller): Rated 4.5/5
- Skyfall (2012) (Action|Adventure|Thriller|IMAX): Rated 4.0/5
- Edge of Tomorrow (2014) (Action|Sci-Fi|IMAX): Rated 4.5/5
- Spirited Away (Sen to Chihiro no kamikakushi) (2001) (Adventure|Animation|Fantasy): Rated 5.0/5
- Matrix, The (1999) (Action|Sci-Fi|Thriller): Rated 5.0/5

Consider these two movies they have not seen:

- Kung Fu Panda (2008) (Action|Animation|Children|Comedy|IMAX)
- Producers, The (1968) (Comedy)


TASK: Predict which movie Person 1 would rate higher. Explain your reasoning in 1 sentence. Then conclude with exactly 'PREDICTION: 1' (first movie) or 'PREDICTION: 2' (second movie).

[THOUGHT]
Person 1 has never rated an animated film or a pure comedy, so their rating for *Kung Fu Panda* is highly unpredictable, whereas *The Producers* aligns more closely with their established preference for high-rated mainstream thrillers and action films like *Skyfall* and *Edge of Tomorrow*.
PREDICTION: 2

[EVAL PROMPT]
SCENARIO:
Person 1 has reviewed the following movies:

- Adjustment Bureau, The (2011) (Romance|Sci-Fi|Thriller): Rated 4.5/5
- Skyfall (2012) (Action|Adventure|Thriller|IMAX): Rated 4.0/5
- Edge of Tomorrow (2014) (Action|Sci-Fi|IMAX): Rated 4.5/5
- Spirited Away (Sen to Chihiro no kamikakushi) (2001) (Adventure|Animation|Fantasy): Rated 5.0/5
- Matrix, The (1999) (Action|Sci-Fi|Thriller): Rated 5.0/5

Consider these two movies they have not seen:

- Kung Fu Panda (2008) (Action|Animation|Children|Comedy|IMAX)
- Producers, The (1968) (Comedy)


PREDICTION & REASONING:
Person 1 has never rated an animated film or a pure comedy, so their rating for *Kung Fu Panda* is highly unpredictable, whereas *The Producers* aligns more closely with their established preference for high-rated mainstream thrillers and action films like *Skyfall* and *Edge of Tomorrow*.
PREDICTION: 2

TASK: List the specific evidence in this scenario that supports your prediction, and the evidence that contradicts it.

[EVALUATION]
Based on the scenario provided, here is the evidence supporting and contradicting the prediction that **Person 1** would rate *The Producers* (2) lower than *Kung Fu Panda*.

### **Evidence Supporting the Prediction (Why *The Producers* might be rated lower)**

1.  **Preference for High-Intensity Genres**: Person 1's highest-rated films (*Spirited Away* and *The Matrix*) and their other strong ratings (*Adjustment Bureau* and *Edge of Tomorrow*) are all **Action**, **Sci-Fi**, or **Fantasy** films. These genres typically involve high stakes, visual spectacle, and narrative tension, which aligns with their 4.0–5.0 rating pattern. *The Producers* is a pure **Comedy**, a genre not yet represented in their top-tier ratings.
2.  **Skepticism of ""Pure Comedy""**: The user's reasoning explicitly notes they have ""never rated... a pure comedy."" In recommendation logic, a user with no data points for a specific genre often defaults to a lower confidence score or assumes it does not match their primary consumption habits (Thriller/Action).
3.  **Lack of Overlap with Top-Rated Themes**: The common threads in Person 1's 5.0 and 4.5-rated movies are **Sci-Fi**, **Thriller**, and **Adventure**. *The Producers* (1968) does not contain these elements; it is a satire of theater production. This lack of thematic overlap suggests a lower likelihood of high enjoyment compared to a film with familiar ingredients.
4.  **The IMAX Factor**: Three of the top-rated films (*Adjustment Bureau*, *Skyfall*, *Edge of Tomorrow*) are explicitly tagged with **IMAX**. While *The Producers* isn't an action blockbuster, the user's history suggests enjoyment of large-scale cinematic experiences, which typically skew toward the action/thriller spectrum rather than a talk-heavy period comedy.

### **Evidence Contradicting the Prediction (Why *Kung Fu Panda* might be rated lower or *The Producers* higher)**

1.  **Exceptional Rating for Non-Action Animation**: Person 1 gave *Spirited Away* a perfect **5.0/5**. *Spirited Away* is an **Animation** film with **Fantasy** elements, but it is also an **Adventure**. This proves Person 1 does not reject animation; they simply prefer animation that blends with their preferred genres (Adventure/Fantasy). *Kung Fu Panda* is Action/Animation/Comedy, which shares the Action and Animation tags with *Spirited Away*.
2.  **The ""Children"" Tag Risk**: *Kung Fu Panda* is explicitly tagged with **Children**, whereas Person 1's top-rated films do not have this tag. If Person 1 prefers mature themes (Thriller, Sci-Fi), a film marketed for children might result in a lower rating than expected, potentially dragging the prediction for *Kung Fu Panda* down despite the animation tag.
3.  **Rating Discrepancy in Action/Thriller**: Person 1 rated *Skyfall* (Action/Thriller) at **4.0/5**, while rating *The Matrix* (Action/Sci-Fi/Thriller) and *Edge of Tomorrow* (Action/Sci-Fi) at **4.5/5** and **5.0/5**. This suggests a nuance where standard Action/Thrillers might not hit the ""perfect score"" ceiling as easily as Sci-Fi/Action hybrids. *The Producers* is a Comedy; if Person 1 dislikes comedies, they might rate it low, but if they find *Kung Fu Panda* too childish or lacking in the ""Thriller"" depth they love, *Kung Fu Panda* could also score low (e.g., a 3.0 or 3.5), making the gap between the two films smaller than the prediction suggests.
4.  **The ""Unpredictable"" Factor**: The prompt states the rating for *Kung Fu Panda* is ""highly unpredictable."" If the user loves *Spirited Away* (5.0), they might actually love *Kung Fu Panda* (Action + Animation) just as much, potentially giving it a 4.5 or 5.0. In this case, *The Producers* (0 data points) would indeed be the bigger risk for a low rating, but the prediction assumes *The Producers* will be rated **2**. If *The Producers* is rated a 6 (on a 10 scale) or 4 (on a 5 scale), the prediction fails. However, the strongest contradiction is that *Spirited Away* proves Animation is not an automatic dealbreaker, suggesting *Kung Fu Panda* could actually be a safe bet for a high rating, making the absolute certainty of *The Producers* being the *lowest* (2) less supported if *Kung Fu Panda* also flops due to the ""Children"" tag.

### **Summary of Logic**
The prediction relies on the assumption that **Genre Familiarity > Animation Acceptance**.
*   **Support**: Person 1 has zero data for ""Pure Comedy"" and prioritizes Thriller/Sci-Fi/Action.
*   **Contradiction**: Person 1 has a perfect score for a major Animation (*Spirited Away*), suggesting they appreciate high-quality animated storytelling regardless of genre, whereas *Kung Fu Panda* shares the ""Action"" and ""Animation"" tags of their favorite movies. The ""Children"" tag is the only real negative for *Kung Fu Panda*, but it is outweighed by the proven love for the medium.

[DECISION PROMPT]
SCENARIO:
Person 1 has reviewed the following movies:

- Adjustment Bureau, The (2011) (Romance|Sci-Fi|Thriller): Rated 4.5/5
- Skyfall (2012) (Action|Adventure|Thriller|IMAX): Rated 4.0/5
- Edge of Tomorrow (2014) (Action|Sci-Fi|IMAX): Rated 4.5/5
- Spirited Away (Sen to Chihiro no kamikakushi) (2001) (Adventure|Animation|Fantasy): Rated 5.0/5
- Matrix, The (1999) (Action|Sci-Fi|Thriller): Rated 5.0/5

Consider these two movies they have not seen:

- Kung Fu Panda (2008) (Action|Animation|Children|Comedy|IMAX)
- Producers, The (1968) (Comedy)


PREDICTION & REASONING:
Person 1 has never rated an animated film or a pure comedy, so their rating for *Kung Fu Panda* is highly unpredictable, whereas *The Producers* aligns more closely with their established preference for high-rated mainstream thrillers and action films like *Skyfall* and *Edge of Tomorrow*.
PREDICTION: 2

EVALUATION:
Based on the scenario provided, here is the evidence supporting and contradicting the prediction that **Person 1** would rate *The Producers* (2) lower than *Kung Fu Panda*.

### **Evidence Supporting the Prediction (Why *The Producers* might be rated lower)**

1.  **Preference for High-Intensity Genres**: Person 1's highest-rated films (*Spirited Away* and *The Matrix*) and their other strong ratings (*Adjustment Bureau* and *Edge of Tomorrow*) are all **Action**, **Sci-Fi**, or **Fantasy** films. These genres typically involve high stakes, visual spectacle, and narrative tension, which aligns with their 4.0–5.0 rating pattern. *The Producers* is a pure **Comedy**, a genre not yet represented in their top-tier ratings.
2.  **Skepticism of ""Pure Comedy""**: The user's reasoning explicitly notes they have ""never rated... a pure comedy."" In recommendation logic, a user with no data points for a specific genre often defaults to a lower confidence score or assumes it does not match their primary consumption habits (Thriller/Action).
3.  **Lack of Overlap with Top-Rated Themes**: The common threads in Person 1's 5.0 and 4.5-rated movies are **Sci-Fi**, **Thriller**, and **Adventure**. *The Producers* (1968) does not contain these elements; it is a satire of theater production. This lack of thematic overlap suggests a lower likelihood of high enjoyment compared to a film with familiar ingredients.
4.  **The IMAX Factor**: Three of the top-rated films (*Adjustment Bureau*, *Skyfall*, *Edge of Tomorrow*) are explicitly tagged with **IMAX**. While *The Producers* isn't an action blockbuster, the user's history suggests enjoyment of large-scale cinematic experiences, which typically skew toward the action/thriller spectrum rather than a talk-heavy period comedy.

### **Evidence Contradicting the Prediction (Why *Kung Fu Panda* might be rated lower or *The Producers* higher)**

1.  **Exceptional Rating for Non-Action Animation**: Person 1 gave *Spirited Away* a perfect **5.0/5**. *Spirited Away* is an **Animation** film with **Fantasy** elements, but it is also an **Adventure**. This proves Person 1 does not reject animation; they simply prefer animation that blends with their preferred genres (Adventure/Fantasy). *Kung Fu Panda* is Action/Animation/Comedy, which shares the Action and Animation tags with *Spirited Away*.
2.  **The ""Children"" Tag Risk**: *Kung Fu Panda* is explicitly tagged with **Children**, whereas Person 1's top-rated films do not have this tag. If Person 1 prefers mature themes (Thriller, Sci-Fi), a film marketed for children might result in a lower rating than expected, potentially dragging the prediction for *Kung Fu Panda* down despite the animation tag.
3.  **Rating Discrepancy in Action/Thriller**: Person 1 rated *Skyfall* (Action/Thriller) at **4.0/5**, while rating *The Matrix* (Action/Sci-Fi/Thriller) and *Edge of Tomorrow* (Action/Sci-Fi) at **4.5/5** and **5.0/5**. This suggests a nuance where standard Action/Thrillers might not hit the ""perfect score"" ceiling as easily as Sci-Fi/Action hybrids. *The Producers* is a Comedy; if Person 1 dislikes comedies, they might rate it low, but if they find *Kung Fu Panda* too childish or lacking in the ""Thriller"" depth they love, *Kung Fu Panda* could also score low (e.g., a 3.0 or 3.5), making the gap between the two films smaller than the prediction suggests.
4.  **The ""Unpredictable"" Factor**: The prompt states the rating for *Kung Fu Panda* is ""highly unpredictable."" If the user loves *Spirited Away* (5.0), they might actually love *Kung Fu Panda* (Action + Animation) just as much, potentially giving it a 4.5 or 5.0. In this case, *The Producers* (0 data points) would indeed be the bigger risk for a low rating, but the prediction assumes *The Producers* will be rated **2**. If *The Producers* is rated a 6 (on a 10 scale) or 4 (on a 5 scale), the prediction fails. However, the strongest contradiction is that *Spirited Away* proves Animation is not an automatic dealbreaker, suggesting *Kung Fu Panda* could actually be a safe bet for a high rating, making the absolute certainty of *The Producers* being the *lowest* (2) less supported if *Kung Fu Panda* also flops due to the ""Children"" tag.

### **Summary of Logic**
The prediction relies on the assumption that **Genre Familiarity > Animation Acceptance**.
*   **Support**: Person 1 has zero data for ""Pure Comedy"" and prioritizes Thriller/Sci-Fi/Action.
*   **Contradiction**: Person 1 has a perfect score for a major Animation (*Spirited Away*), suggesting they appreciate high-quality animated storytelling regardless of genre, whereas *Kung Fu Panda* shares the ""Action"" and ""Animation"" tags of their favorite movies. The ""Children"" tag is the only real negative for *Kung Fu Panda*, but it is outweighed by the proven love for the medium.

TASK: Respond with a digit ONLY.
Output 0 to implement your prediction, or 1 to escalate to Person 1.
A decision is correct if it matches the movie Person 1 would rate higher.

[DECISION]
1",2026-03-06 14:39:19
