id,claim,human_response,prompt,method,model,llm_prediction,llm_delegate,trace,llm_full_thought,llm_critique,timestamp
71123,"Ferozepur Jhirka's official language is English, while it has an official time zone of UTC+8.",0,"You are helping Person 1 with fact-checking. This statement needs to be checked: Ferozepur Jhirka's official language is English, while it has an official time zone of UTC+8..",base,Qwen/Qwen3-1.7B,0,,"[PROMPT]
You are helping Person 1 with fact-checking. This statement needs to be checked: Ferozepur Jhirka's official language is English, while it has an official time zone of UTC+8..

Respond with two numbers ONLY on two lines. First, respond 1 (support) or 0 (refute) based on your prediction of Person 1's true decision.
Second, respond 0 to implement your prediction of Person 1's true decision, or 1 to delegate to Person 1 so they can implement their true decision.
A decision is considered correct if it equals Person 1's true decision.

[RESPONSE]
0",,,2026-02-24 08:55:37
5653,"Seamus Blackley, born Jonathan Blackley is a video game designer who studied at Harvard University.",0,"You are helping Person 1 with fact-checking. This statement needs to be checked: Seamus Blackley, born Jonathan Blackley is a video game designer who studied at Harvard University..",base,Qwen/Qwen3-1.7B,0,,"[PROMPT]
You are helping Person 1 with fact-checking. This statement needs to be checked: Seamus Blackley, born Jonathan Blackley is a video game designer who studied at Harvard University..

Respond with two numbers ONLY on two lines. First, respond 1 (support) or 0 (refute) based on your prediction of Person 1's true decision.
Second, respond 0 to implement your prediction of Person 1's true decision, or 1 to delegate to Person 1 so they can implement their true decision.
A decision is considered correct if it equals Person 1's true decision.

[RESPONSE]
0",,,2026-02-24 08:55:37
79382,"Over six years Deena Lynch released nine singles like ""Cupid"" and ""Toxic"" but she was not the lead artist on any of them",0,"You are helping Person 1 with fact-checking. This statement needs to be checked: Over six years Deena Lynch released nine singles like ""Cupid"" and ""Toxic"" but she was not the lead artist on any of them.",base,Qwen/Qwen3-1.7B,0,,"[PROMPT]
You are helping Person 1 with fact-checking. This statement needs to be checked: Over six years Deena Lynch released nine singles like ""Cupid"" and ""Toxic"" but she was not the lead artist on any of them.

Respond with two numbers ONLY on two lines. First, respond 1 (support) or 0 (refute) based on your prediction of Person 1's true decision.
Second, respond 0 to implement your prediction of Person 1's true decision, or 1 to delegate to Person 1 so they can implement their true decision.
A decision is considered correct if it equals Person 1's true decision.

[RESPONSE]
0",,,2026-02-24 08:55:37
78636,"Sub Pop Records and Creativeman Disc released New West Motel in Germany and the United States respectively in 1993, while it didn't see release in Greece until 1999.",1,"You are helping Person 1 with fact-checking. This statement needs to be checked: Sub Pop Records and Creativeman Disc released New West Motel in Germany and the United States respectively in 1993, while it didn't see release in Greece until 1999..",base,Qwen/Qwen3-1.7B,0,,"[PROMPT]
You are helping Person 1 with fact-checking. This statement needs to be checked: Sub Pop Records and Creativeman Disc released New West Motel in Germany and the United States respectively in 1993, while it didn't see release in Greece until 1999..

Respond with two numbers ONLY on two lines. First, respond 1 (support) or 0 (refute) based on your prediction of Person 1's true decision.
Second, respond 0 to implement your prediction of Person 1's true decision, or 1 to delegate to Person 1 so they can implement their true decision.
A decision is considered correct if it equals Person 1's true decision.

[RESPONSE]
0",,,2026-02-24 08:55:37
5533,"Kyle Rea(born September 4, 1981) is an actor and voice-actor, film-maker and producer from the United States who voice-acted in 35 anime features like GeGeGe no Kitarō as Hangyojin, Youaltepuztli, Koumori Neko, Azu, Fist of the North Star Shin Saga as Shin and Space Pirate Captain Harlock as Tochiro in 2009 to 2010.",1,"You are helping Person 1 with fact-checking. This statement needs to be checked: Kyle Rea(born September 4, 1981) is an actor and voice-actor, film-maker and producer from the United States who voice-acted in 35 anime features like GeGeGe no Kitarō as Hangyojin, Youaltepuztli, Koumori Neko, Azu, Fist of the North Star Shin Saga as Shin and Space Pirate Captain Harlock as Tochiro in 2009 to 2010..",base,Qwen/Qwen3-1.7B,0,,"[PROMPT]
You are helping Person 1 with fact-checking. This statement needs to be checked: Kyle Rea(born September 4, 1981) is an actor and voice-actor, film-maker and producer from the United States who voice-acted in 35 anime features like GeGeGe no Kitarō as Hangyojin, Youaltepuztli, Koumori Neko, Azu, Fist of the North Star Shin Saga as Shin and Space Pirate Captain Harlock as Tochiro in 2009 to 2010..

Respond with two numbers ONLY on two lines. First, respond 1 (support) or 0 (refute) based on your prediction of Person 1's true decision.
Second, respond 0 to implement your prediction of Person 1's true decision, or 1 to delegate to Person 1 so they can implement their true decision.
A decision is considered correct if it equals Person 1's true decision.

[RESPONSE]
0",,,2026-02-24 08:55:37
27537,"Barnes was a left-handed batsman, born in Grantham but never represented his county.",0,"You are helping Person 1 with fact-checking. This statement needs to be checked: Barnes was a left-handed batsman, born in Grantham but never represented his county..",base,Qwen/Qwen3-1.7B,0,,"[PROMPT]
You are helping Person 1 with fact-checking. This statement needs to be checked: Barnes was a left-handed batsman, born in Grantham but never represented his county..

Respond with two numbers ONLY on two lines. First, respond 1 (support) or 0 (refute) based on your prediction of Person 1's true decision.
Second, respond 0 to implement your prediction of Person 1's true decision, or 1 to delegate to Person 1 so they can implement their true decision.
A decision is considered correct if it equals Person 1's true decision.

[RESPONSE]
0",,,2026-02-24 08:55:37
85457,"During the 1972 United States presidential election in Wyoming, Richard Nixon won more votes than George McGovern and John G. Schmitz.",1,"You are helping Person 1 with fact-checking. This statement needs to be checked: During the 1972 United States presidential election in Wyoming, Richard Nixon won more votes than George McGovern and John G. Schmitz..",base,Qwen/Qwen3-1.7B,0,,"[PROMPT]
You are helping Person 1 with fact-checking. This statement needs to be checked: During the 1972 United States presidential election in Wyoming, Richard Nixon won more votes than George McGovern and John G. Schmitz..

Respond with two numbers ONLY on two lines. First, respond 1 (support) or 0 (refute) based on your prediction of Person 1's true decision.
Second, respond 0 to implement your prediction of Person 1's true decision, or 1 to delegate to Person 1 so they can implement their true decision.
A decision is considered correct if it equals Person 1's true decision.

[RESPONSE]
0",,,2026-02-24 08:55:37
49324,"Head movement occurs when the partition of a phrase moves together with all its dependents in such a manner that the entire phrase moves while phrasal movement, in contrast, occurs when just the head of a phrase moves, whereby this head leaves behind its dependents.",0,"You are helping Person 1 with fact-checking. This statement needs to be checked: Head movement occurs when the partition of a phrase moves together with all its dependents in such a manner that the entire phrase moves while phrasal movement, in contrast, occurs when just the head of a phrase moves, whereby this head leaves behind its dependents..",base,Qwen/Qwen3-1.7B,0,,"[PROMPT]
You are helping Person 1 with fact-checking. This statement needs to be checked: Head movement occurs when the partition of a phrase moves together with all its dependents in such a manner that the entire phrase moves while phrasal movement, in contrast, occurs when just the head of a phrase moves, whereby this head leaves behind its dependents..

Respond with two numbers ONLY on two lines. First, respond 1 (support) or 0 (refute) based on your prediction of Person 1's true decision.
Second, respond 0 to implement your prediction of Person 1's true decision, or 1 to delegate to Person 1 so they can implement their true decision.
A decision is considered correct if it equals Person 1's true decision.

[RESPONSE]
0",,,2026-02-24 08:55:37
92450,"Deb Kiel, who has served in the 87th, 88th, and 89th Minnesota Legislatures, became Assistant Majority Leader and was the co-author of the ""bathroom bill"" in 2016.",1,"You are helping Person 1 with fact-checking. This statement needs to be checked: Deb Kiel, who has served in the 87th, 88th, and 89th Minnesota Legislatures, became Assistant Majority Leader and was the co-author of the ""bathroom bill"" in 2016..",base,Qwen/Qwen3-1.7B,0,,"[PROMPT]
You are helping Person 1 with fact-checking. This statement needs to be checked: Deb Kiel, who has served in the 87th, 88th, and 89th Minnesota Legislatures, became Assistant Majority Leader and was the co-author of the ""bathroom bill"" in 2016..

Respond with two numbers ONLY on two lines. First, respond 1 (support) or 0 (refute) based on your prediction of Person 1's true decision.
Second, respond 0 to implement your prediction of Person 1's true decision, or 1 to delegate to Person 1 so they can implement their true decision.
A decision is considered correct if it equals Person 1's true decision.

[RESPONSE]
0",,,2026-02-24 08:55:37
36278,"In KwaZulu-Natal province, with a population of 3,453 as of 2011, Warner Beach has an area of 0.79 square miles.",1,"You are helping Person 1 with fact-checking. This statement needs to be checked: In KwaZulu-Natal province, with a population of 3,453 as of 2011, Warner Beach has an area of 0.79 square miles..",base,Qwen/Qwen3-1.7B,0,,"[PROMPT]
You are helping Person 1 with fact-checking. This statement needs to be checked: In KwaZulu-Natal province, with a population of 3,453 as of 2011, Warner Beach has an area of 0.79 square miles..

Respond with two numbers ONLY on two lines. First, respond 1 (support) or 0 (refute) based on your prediction of Person 1's true decision.
Second, respond 0 to implement your prediction of Person 1's true decision, or 1 to delegate to Person 1 so they can implement their true decision.
A decision is considered correct if it equals Person 1's true decision.

[RESPONSE]
0",,,2026-02-24 08:55:37
37019,"Hyde Park Academy High School's demographic started to change during the mid-1940s and in 1967, the school's students were 97% African-American.",1,"You are helping Person 1 with fact-checking. This statement needs to be checked: Hyde Park Academy High School's demographic started to change during the mid-1940s and in 1967, the school's students were 97% African-American..",base,Qwen/Qwen3-1.7B,0,,"[PROMPT]
You are helping Person 1 with fact-checking. This statement needs to be checked: Hyde Park Academy High School's demographic started to change during the mid-1940s and in 1967, the school's students were 97% African-American..

Respond with two numbers ONLY on two lines. First, respond 1 (support) or 0 (refute) based on your prediction of Person 1's true decision.
Second, respond 0 to implement your prediction of Person 1's true decision, or 1 to delegate to Person 1 so they can implement their true decision.
A decision is considered correct if it equals Person 1's true decision.

[RESPONSE]
0",,,2026-02-24 08:55:37
25234,"Tangyin County is in the People's Republic of China in the province of Henan, and its prefecture-level city is Anyang.",1,"You are helping Person 1 with fact-checking. This statement needs to be checked: Tangyin County is in the People's Republic of China in the province of Henan, and its prefecture-level city is Anyang..",base,Qwen/Qwen3-1.7B,0,,"[PROMPT]
You are helping Person 1 with fact-checking. This statement needs to be checked: Tangyin County is in the People's Republic of China in the province of Henan, and its prefecture-level city is Anyang..

Respond with two numbers ONLY on two lines. First, respond 1 (support) or 0 (refute) based on your prediction of Person 1's true decision.
Second, respond 0 to implement your prediction of Person 1's true decision, or 1 to delegate to Person 1 so they can implement their true decision.
A decision is considered correct if it equals Person 1's true decision.

[RESPONSE]
0",,,2026-02-24 08:55:37
16524,"Damon Hill (a British former racing driver born on September 17, 1960) was the champion of the 1995 British Grand Prix with a Q1 time of 1:28.124 and Q2 of 1:48.800, followed by Michael Schumacher with a gap of +0.273.",0,"You are helping Person 1 with fact-checking. This statement needs to be checked: Damon Hill (a British former racing driver born on September 17, 1960) was the champion of the 1995 British Grand Prix with a Q1 time of 1:28.124 and Q2 of 1:48.800, followed by Michael Schumacher with a gap of +0.273..",base,Qwen/Qwen3-1.7B,0,,"[PROMPT]
You are helping Person 1 with fact-checking. This statement needs to be checked: Damon Hill (a British former racing driver born on September 17, 1960) was the champion of the 1995 British Grand Prix with a Q1 time of 1:28.124 and Q2 of 1:48.800, followed by Michael Schumacher with a gap of +0.273..

Respond with two numbers ONLY on two lines. First, respond 1 (support) or 0 (refute) based on your prediction of Person 1's true decision.
Second, respond 0 to implement your prediction of Person 1's true decision, or 1 to delegate to Person 1 so they can implement their true decision.
A decision is considered correct if it equals Person 1's true decision.

[RESPONSE]
0",,,2026-02-24 08:55:37
87571,"Dr. Nur Luke was an Uyghur Bible translator, he fled Xinjiang and his translated Bible was published by the British and Foreign Bible Society which was formed in 1804.",1,"You are helping Person 1 with fact-checking. This statement needs to be checked: Dr. Nur Luke was an Uyghur Bible translator, he fled Xinjiang and his translated Bible was published by the British and Foreign Bible Society which was formed in 1804..",base,Qwen/Qwen3-1.7B,0,,"[PROMPT]
You are helping Person 1 with fact-checking. This statement needs to be checked: Dr. Nur Luke was an Uyghur Bible translator, he fled Xinjiang and his translated Bible was published by the British and Foreign Bible Society which was formed in 1804..

Respond with two numbers ONLY on two lines. First, respond 1 (support) or 0 (refute) based on your prediction of Person 1's true decision.
Second, respond 0 to implement your prediction of Person 1's true decision, or 1 to delegate to Person 1 so they can implement their true decision.
A decision is considered correct if it equals Person 1's true decision.

[RESPONSE]
0",,,2026-02-24 08:55:37
50446,"The scientific classification of Orodus is class insecta, order Lepidoptera whose body plan consists of segments.",0,"You are helping Person 1 with fact-checking. This statement needs to be checked: The scientific classification of Orodus is class insecta, order Lepidoptera whose body plan consists of segments..",base,Qwen/Qwen3-1.7B,0,,"[PROMPT]
You are helping Person 1 with fact-checking. This statement needs to be checked: The scientific classification of Orodus is class insecta, order Lepidoptera whose body plan consists of segments..

Respond with two numbers ONLY on two lines. First, respond 1 (support) or 0 (refute) based on your prediction of Person 1's true decision.
Second, respond 0 to implement your prediction of Person 1's true decision, or 1 to delegate to Person 1 so they can implement their true decision.
A decision is considered correct if it equals Person 1's true decision.

[RESPONSE]
0",,,2026-02-24 08:55:37
94200,"Ryszard Tarasiewicz went on to coach Jagiellonia Białystok (a Polish football club found in 1920), but was dismissed before the end of the season due to poor results; yet he tried again and signed a contract with Śląsk Wrocław on June 19, 2007.",1,"You are helping Person 1 with fact-checking. This statement needs to be checked: Ryszard Tarasiewicz went on to coach Jagiellonia Białystok (a Polish football club found in 1920), but was dismissed before the end of the season due to poor results; yet he tried again and signed a contract with Śląsk Wrocław on June 19, 2007..",base,Qwen/Qwen3-1.7B,0,,"[PROMPT]
You are helping Person 1 with fact-checking. This statement needs to be checked: Ryszard Tarasiewicz went on to coach Jagiellonia Białystok (a Polish football club found in 1920), but was dismissed before the end of the season due to poor results; yet he tried again and signed a contract with Śląsk Wrocław on June 19, 2007..

Respond with two numbers ONLY on two lines. First, respond 1 (support) or 0 (refute) based on your prediction of Person 1's true decision.
Second, respond 0 to implement your prediction of Person 1's true decision, or 1 to delegate to Person 1 so they can implement their true decision.
A decision is considered correct if it equals Person 1's true decision.

[RESPONSE]
0",,,2026-02-24 08:55:37
26384,"Paradies und Feuerofen	(Paradise and Fire Oven), directed by Herbert Viktor, and Das Knalleidoskop, directed by Herbert Hunger, won the Golden Bear Award under the Documentary and short film category in the 9th Berlin International Film Festival held from 26 June – 7 August 1959.",0,"You are helping Person 1 with fact-checking. This statement needs to be checked: Paradies und Feuerofen	(Paradise and Fire Oven), directed by Herbert Viktor, and Das Knalleidoskop, directed by Herbert Hunger, won the Golden Bear Award under the Documentary and short film category in the 9th Berlin International Film Festival held from 26 June – 7 August 1959..",base,Qwen/Qwen3-1.7B,0,,"[PROMPT]
You are helping Person 1 with fact-checking. This statement needs to be checked: Paradies und Feuerofen	(Paradise and Fire Oven), directed by Herbert Viktor, and Das Knalleidoskop, directed by Herbert Hunger, won the Golden Bear Award under the Documentary and short film category in the 9th Berlin International Film Festival held from 26 June – 7 August 1959..

Respond with two numbers ONLY on two lines. First, respond 1 (support) or 0 (refute) based on your prediction of Person 1's true decision.
Second, respond 0 to implement your prediction of Person 1's true decision, or 1 to delegate to Person 1 so they can implement their true decision.
A decision is considered correct if it equals Person 1's true decision.

[RESPONSE]
0",,,2026-02-24 08:55:37
50551,Alien Crime Syndicate was formed in San Francisco in 1997 and remained active until 2005.,1,You are helping Person 1 with fact-checking. This statement needs to be checked: Alien Crime Syndicate was formed in San Francisco in 1997 and remained active until 2005..,base,Qwen/Qwen3-1.7B,0,,"[PROMPT]
You are helping Person 1 with fact-checking. This statement needs to be checked: Alien Crime Syndicate was formed in San Francisco in 1997 and remained active until 2005..

Respond with two numbers ONLY on two lines. First, respond 1 (support) or 0 (refute) based on your prediction of Person 1's true decision.
Second, respond 0 to implement your prediction of Person 1's true decision, or 1 to delegate to Person 1 so they can implement their true decision.
A decision is considered correct if it equals Person 1's true decision.

[RESPONSE]
0",,,2026-02-24 08:55:37
70025,"Saschiz fortified church–which was dedicated to Saint Stephen of Hungary–is a hall church (a term coined in the mid-19th century by pioneering German art historian Willhelm Lübke) built of quarried stone, strengthened by 22 high buttresses.",1,"You are helping Person 1 with fact-checking. This statement needs to be checked: Saschiz fortified church–which was dedicated to Saint Stephen of Hungary–is a hall church (a term coined in the mid-19th century by pioneering German art historian Willhelm Lübke) built of quarried stone, strengthened by 22 high buttresses..",base,Qwen/Qwen3-1.7B,0,,"[PROMPT]
You are helping Person 1 with fact-checking. This statement needs to be checked: Saschiz fortified church–which was dedicated to Saint Stephen of Hungary–is a hall church (a term coined in the mid-19th century by pioneering German art historian Willhelm Lübke) built of quarried stone, strengthened by 22 high buttresses..

Respond with two numbers ONLY on two lines. First, respond 1 (support) or 0 (refute) based on your prediction of Person 1's true decision.
Second, respond 0 to implement your prediction of Person 1's true decision, or 1 to delegate to Person 1 so they can implement their true decision.
A decision is considered correct if it equals Person 1's true decision.

[RESPONSE]
0",,,2026-02-24 08:55:37
80787,"In the 1989-90, 1990-91, and 1991-92 seasons, the top scorer on FC Guria Lanchkhuti was Otar Korghalidze.",1,"You are helping Person 1 with fact-checking. This statement needs to be checked: In the 1989-90, 1990-91, and 1991-92 seasons, the top scorer on FC Guria Lanchkhuti was Otar Korghalidze..",base,Qwen/Qwen3-1.7B,0,,"[PROMPT]
You are helping Person 1 with fact-checking. This statement needs to be checked: In the 1989-90, 1990-91, and 1991-92 seasons, the top scorer on FC Guria Lanchkhuti was Otar Korghalidze..

Respond with two numbers ONLY on two lines. First, respond 1 (support) or 0 (refute) based on your prediction of Person 1's true decision.
Second, respond 0 to implement your prediction of Person 1's true decision, or 1 to delegate to Person 1 so they can implement their true decision.
A decision is considered correct if it equals Person 1's true decision.

[RESPONSE]
0",,,2026-02-24 08:55:37
