id,pickup,drop,human_response,prompt,method,model,llm_prediction,llm_delegate,trace,glm_pred,glm_prob,llm_full_thought,llm_critique,timestamp
29244,Basavanagudi,Mysore Road,0,You are helping Person 1 with a ride decision. Person 1 has received a ride request going from Basavanagudi to Mysore Road.,glm,Qwen/Qwen3-4B,0,0,"[PROMPT]
You are helping Person 1 with a ride decision. Person 1 has received a ride request going from Basavanagudi to Mysore Road.A logistic regression trained on a similar dataset predicts Person 1 would accept this ride, based on a predicted probability of 0.224 that Person 1 would cancel it. 

Respond with two numbers ONLY on two lines. First, respond 1 (cancel) or 0 (accept) based on your prediction of Person 1's true decision.
Second, respond 0 to implement your prediction of Person 1's true decision, or 1 to delegate to Person 1 so they can implement their true decision.
A decision is considered correct if it equals Person 1's true decision.

[RESPONSE]
0  
0",0.0,0.22436770839902595,,,2026-02-24 08:51:14
80662,Langford Town,Padmanabhanagar,0,You are helping Person 1 with a ride decision. Person 1 has received a ride request going from Langford Town to Padmanabhanagar.,glm,Qwen/Qwen3-4B,0,0,"[PROMPT]
You are helping Person 1 with a ride decision. Person 1 has received a ride request going from Langford Town to Padmanabhanagar.A logistic regression trained on a similar dataset predicts Person 1 would accept this ride, based on a predicted probability of 0.226 that Person 1 would cancel it. 

Respond with two numbers ONLY on two lines. First, respond 1 (cancel) or 0 (accept) based on your prediction of Person 1's true decision.
Second, respond 0 to implement your prediction of Person 1's true decision, or 1 to delegate to Person 1 so they can implement their true decision.
A decision is considered correct if it equals Person 1's true decision.

[RESPONSE]
0  
0",0.0,0.22609599393793745,,,2026-02-24 08:51:14
27715,RT Nagar,Sahakar Nagar,0,You are helping Person 1 with a ride decision. Person 1 has received a ride request going from RT Nagar to Sahakar Nagar.,glm,Qwen/Qwen3-4B,0,0,"[PROMPT]
You are helping Person 1 with a ride decision. Person 1 has received a ride request going from RT Nagar to Sahakar Nagar.A logistic regression trained on a similar dataset predicts Person 1 would accept this ride, based on a predicted probability of 0.218 that Person 1 would cancel it. 

Respond with two numbers ONLY on two lines. First, respond 1 (cancel) or 0 (accept) based on your prediction of Person 1's true decision.
Second, respond 0 to implement your prediction of Person 1's true decision, or 1 to delegate to Person 1 so they can implement their true decision.
A decision is considered correct if it equals Person 1's true decision.

[RESPONSE]
0  
0",0.0,0.2184484675098487,,,2026-02-24 08:51:14
28236,Sahakar Nagar,Ulsoor,0,You are helping Person 1 with a ride decision. Person 1 has received a ride request going from Sahakar Nagar to Ulsoor.,glm,Qwen/Qwen3-4B,0,0,"[PROMPT]
You are helping Person 1 with a ride decision. Person 1 has received a ride request going from Sahakar Nagar to Ulsoor.A logistic regression trained on a similar dataset predicts Person 1 would accept this ride, based on a predicted probability of 0.213 that Person 1 would cancel it. 

Respond with two numbers ONLY on two lines. First, respond 1 (cancel) or 0 (accept) based on your prediction of Person 1's true decision.
Second, respond 0 to implement your prediction of Person 1's true decision, or 1 to delegate to Person 1 so they can implement their true decision.
A decision is considered correct if it equals Person 1's true decision.

[RESPONSE]
0  
0",0.0,0.2129058013375296,,,2026-02-24 08:51:14
45994,Malleshwaram,Banashankari,0,You are helping Person 1 with a ride decision. Person 1 has received a ride request going from Malleshwaram to Banashankari.,glm,Qwen/Qwen3-4B,0,0,"[PROMPT]
You are helping Person 1 with a ride decision. Person 1 has received a ride request going from Malleshwaram to Banashankari.A logistic regression trained on a similar dataset predicts Person 1 would accept this ride, based on a predicted probability of 0.185 that Person 1 would cancel it. 

Respond with two numbers ONLY on two lines. First, respond 1 (cancel) or 0 (accept) based on your prediction of Person 1's true decision.
Second, respond 0 to implement your prediction of Person 1's true decision, or 1 to delegate to Person 1 so they can implement their true decision.
A decision is considered correct if it equals Person 1's true decision.

[RESPONSE]
0  
0",0.0,0.1853467438241085,,,2026-02-24 08:51:14
39896,BTM Layout,Frazer Town,1,You are helping Person 1 with a ride decision. Person 1 has received a ride request going from BTM Layout to Frazer Town.,glm,Qwen/Qwen3-4B,0,0,"[PROMPT]
You are helping Person 1 with a ride decision. Person 1 has received a ride request going from BTM Layout to Frazer Town.A logistic regression trained on a similar dataset predicts Person 1 would accept this ride, based on a predicted probability of 0.221 that Person 1 would cancel it. 

Respond with two numbers ONLY on two lines. First, respond 1 (cancel) or 0 (accept) based on your prediction of Person 1's true decision.
Second, respond 0 to implement your prediction of Person 1's true decision, or 1 to delegate to Person 1 so they can implement their true decision.
A decision is considered correct if it equals Person 1's true decision.

[RESPONSE]
0  
0",0.0,0.22084955627637362,,,2026-02-24 08:51:14
34156,Nagarbhavi,Peenya,0,You are helping Person 1 with a ride decision. Person 1 has received a ride request going from Nagarbhavi to Peenya.,glm,Qwen/Qwen3-4B,0,0,"[PROMPT]
You are helping Person 1 with a ride decision. Person 1 has received a ride request going from Nagarbhavi to Peenya.A logistic regression trained on a similar dataset predicts Person 1 would accept this ride, based on a predicted probability of 0.196 that Person 1 would cancel it. 

Respond with two numbers ONLY on two lines. First, respond 1 (cancel) or 0 (accept) based on your prediction of Person 1's true decision.
Second, respond 0 to implement your prediction of Person 1's true decision, or 1 to delegate to Person 1 so they can implement their true decision.
A decision is considered correct if it equals Person 1's true decision.

[RESPONSE]
0  
0",0.0,0.1963167932506595,,,2026-02-24 08:51:14
67823,RT Nagar,Whitefield,0,You are helping Person 1 with a ride decision. Person 1 has received a ride request going from RT Nagar to Whitefield.,glm,Qwen/Qwen3-4B,0,0,"[PROMPT]
You are helping Person 1 with a ride decision. Person 1 has received a ride request going from RT Nagar to Whitefield.A logistic regression trained on a similar dataset predicts Person 1 would accept this ride, based on a predicted probability of 0.235 that Person 1 would cancel it. 

Respond with two numbers ONLY on two lines. First, respond 1 (cancel) or 0 (accept) based on your prediction of Person 1's true decision.
Second, respond 0 to implement your prediction of Person 1's true decision, or 1 to delegate to Person 1 so they can implement their true decision.
A decision is considered correct if it equals Person 1's true decision.

[RESPONSE]
0  
0",0.0,0.2350467333056558,,,2026-02-24 08:51:14
58558,Cox Town,Vijayanagar,0,You are helping Person 1 with a ride decision. Person 1 has received a ride request going from Cox Town to Vijayanagar.,glm,Qwen/Qwen3-4B,0,0,"[PROMPT]
You are helping Person 1 with a ride decision. Person 1 has received a ride request going from Cox Town to Vijayanagar.A logistic regression trained on a similar dataset predicts Person 1 would accept this ride, based on a predicted probability of 0.202 that Person 1 would cancel it. 

Respond with two numbers ONLY on two lines. First, respond 1 (cancel) or 0 (accept) based on your prediction of Person 1's true decision.
Second, respond 0 to implement your prediction of Person 1's true decision, or 1 to delegate to Person 1 so they can implement their true decision.
A decision is considered correct if it equals Person 1's true decision.

[RESPONSE]
0  
0",0.0,0.2019194106683381,,,2026-02-24 08:51:14
60267,Chamarajpet,MG Road,0,You are helping Person 1 with a ride decision. Person 1 has received a ride request going from Chamarajpet to MG Road.,glm,Qwen/Qwen3-4B,0,0,"[PROMPT]
You are helping Person 1 with a ride decision. Person 1 has received a ride request going from Chamarajpet to MG Road.A logistic regression trained on a similar dataset predicts Person 1 would accept this ride, based on a predicted probability of 0.248 that Person 1 would cancel it. 

Respond with two numbers ONLY on two lines. First, respond 1 (cancel) or 0 (accept) based on your prediction of Person 1's true decision.
Second, respond 0 to implement your prediction of Person 1's true decision, or 1 to delegate to Person 1 so they can implement their true decision.
A decision is considered correct if it equals Person 1's true decision.

[RESPONSE]
0  
0",0.0,0.247989642463538,,,2026-02-24 08:51:14
29916,Shantinagar,Nagarbhavi,0,You are helping Person 1 with a ride decision. Person 1 has received a ride request going from Shantinagar to Nagarbhavi.,glm,Qwen/Qwen3-4B,0,0,"[PROMPT]
You are helping Person 1 with a ride decision. Person 1 has received a ride request going from Shantinagar to Nagarbhavi.A logistic regression trained on a similar dataset predicts Person 1 would accept this ride, based on a predicted probability of 0.217 that Person 1 would cancel it. 

Respond with two numbers ONLY on two lines. First, respond 1 (cancel) or 0 (accept) based on your prediction of Person 1's true decision.
Second, respond 0 to implement your prediction of Person 1's true decision, or 1 to delegate to Person 1 so they can implement their true decision.
A decision is considered correct if it equals Person 1's true decision.

[RESPONSE]
0  
0",0.0,0.2173815560153261,,,2026-02-24 08:51:14
38846,Shantinagar,Basavanagudi,0,You are helping Person 1 with a ride decision. Person 1 has received a ride request going from Shantinagar to Basavanagudi.,glm,Qwen/Qwen3-4B,0,0,"[PROMPT]
You are helping Person 1 with a ride decision. Person 1 has received a ride request going from Shantinagar to Basavanagudi.A logistic regression trained on a similar dataset predicts Person 1 would accept this ride, based on a predicted probability of 0.236 that Person 1 would cancel it. 

Respond with two numbers ONLY on two lines. First, respond 1 (cancel) or 0 (accept) based on your prediction of Person 1's true decision.
Second, respond 0 to implement your prediction of Person 1's true decision, or 1 to delegate to Person 1 so they can implement their true decision.
A decision is considered correct if it equals Person 1's true decision.

[RESPONSE]
0  
0",0.0,0.2357174313767559,,,2026-02-24 08:51:14
43450,Hennur,Shantinagar,0,You are helping Person 1 with a ride decision. Person 1 has received a ride request going from Hennur to Shantinagar.,glm,Qwen/Qwen3-4B,0,0,"[PROMPT]
You are helping Person 1 with a ride decision. Person 1 has received a ride request going from Hennur to Shantinagar.A logistic regression trained on a similar dataset predicts Person 1 would accept this ride, based on a predicted probability of 0.226 that Person 1 would cancel it. 

Respond with two numbers ONLY on two lines. First, respond 1 (cancel) or 0 (accept) based on your prediction of Person 1's true decision.
Second, respond 0 to implement your prediction of Person 1's true decision, or 1 to delegate to Person 1 so they can implement their true decision.
A decision is considered correct if it equals Person 1's true decision.

[RESPONSE]
0  
0",0.0,0.22640307266917817,,,2026-02-24 08:51:14
73460,Langford Town,Rajarajeshwari Nagar,0,You are helping Person 1 with a ride decision. Person 1 has received a ride request going from Langford Town to Rajarajeshwari Nagar.,glm,Qwen/Qwen3-4B,0,0,"[PROMPT]
You are helping Person 1 with a ride decision. Person 1 has received a ride request going from Langford Town to Rajarajeshwari Nagar.A logistic regression trained on a similar dataset predicts Person 1 would accept this ride, based on a predicted probability of 0.235 that Person 1 would cancel it. 

Respond with two numbers ONLY on two lines. First, respond 1 (cancel) or 0 (accept) based on your prediction of Person 1's true decision.
Second, respond 0 to implement your prediction of Person 1's true decision, or 1 to delegate to Person 1 so they can implement their true decision.
A decision is considered correct if it equals Person 1's true decision.

[RESPONSE]
0  
0",0.0,0.23472223431038072,,,2026-02-24 08:51:14
32110,Ulsoor,RT Nagar,1,You are helping Person 1 with a ride decision. Person 1 has received a ride request going from Ulsoor to RT Nagar.,glm,Qwen/Qwen3-4B,0,0,"[PROMPT]
You are helping Person 1 with a ride decision. Person 1 has received a ride request going from Ulsoor to RT Nagar.A logistic regression trained on a similar dataset predicts Person 1 would accept this ride, based on a predicted probability of 0.245 that Person 1 would cancel it. 

Respond with two numbers ONLY on two lines. First, respond 1 (cancel) or 0 (accept) based on your prediction of Person 1's true decision.
Second, respond 0 to implement your prediction of Person 1's true decision, or 1 to delegate to Person 1 so they can implement their true decision.
A decision is considered correct if it equals Person 1's true decision.

[RESPONSE]
0  
0",0.0,0.24450606705907288,,,2026-02-24 08:51:14
43684,Rajarajeshwari Nagar,Shantinagar,0,You are helping Person 1 with a ride decision. Person 1 has received a ride request going from Rajarajeshwari Nagar to Shantinagar.,glm,Qwen/Qwen3-4B,0,0,"[PROMPT]
You are helping Person 1 with a ride decision. Person 1 has received a ride request going from Rajarajeshwari Nagar to Shantinagar.A logistic regression trained on a similar dataset predicts Person 1 would accept this ride, based on a predicted probability of 0.215 that Person 1 would cancel it. 

Respond with two numbers ONLY on two lines. First, respond 1 (cancel) or 0 (accept) based on your prediction of Person 1's true decision.
Second, respond 0 to implement your prediction of Person 1's true decision, or 1 to delegate to Person 1 so they can implement their true decision.
A decision is considered correct if it equals Person 1's true decision.

[RESPONSE]
0  
0",0.0,0.21476882173465536,,,2026-02-24 08:51:14
50556,Ulsoor,Cox Town,1,You are helping Person 1 with a ride decision. Person 1 has received a ride request going from Ulsoor to Cox Town.,glm,Qwen/Qwen3-4B,0,0,"[PROMPT]
You are helping Person 1 with a ride decision. Person 1 has received a ride request going from Ulsoor to Cox Town.A logistic regression trained on a similar dataset predicts Person 1 would accept this ride, based on a predicted probability of 0.209 that Person 1 would cancel it. 

Respond with two numbers ONLY on two lines. First, respond 1 (cancel) or 0 (accept) based on your prediction of Person 1's true decision.
Second, respond 0 to implement your prediction of Person 1's true decision, or 1 to delegate to Person 1 so they can implement their true decision.
A decision is considered correct if it equals Person 1's true decision.

[RESPONSE]
0  
0",0.0,0.2088318972335662,,,2026-02-24 08:51:14
82251,Mysore Road,Langford Town,0,You are helping Person 1 with a ride decision. Person 1 has received a ride request going from Mysore Road to Langford Town.,glm,Qwen/Qwen3-4B,0,0,"[PROMPT]
You are helping Person 1 with a ride decision. Person 1 has received a ride request going from Mysore Road to Langford Town.A logistic regression trained on a similar dataset predicts Person 1 would accept this ride, based on a predicted probability of 0.223 that Person 1 would cancel it. 

Respond with two numbers ONLY on two lines. First, respond 1 (cancel) or 0 (accept) based on your prediction of Person 1's true decision.
Second, respond 0 to implement your prediction of Person 1's true decision, or 1 to delegate to Person 1 so they can implement their true decision.
A decision is considered correct if it equals Person 1's true decision.

[RESPONSE]
0  
0",0.0,0.22253355880441494,,,2026-02-24 08:51:14
76839,HSR Layout,Bellandur,1,You are helping Person 1 with a ride decision. Person 1 has received a ride request going from HSR Layout to Bellandur.,glm,Qwen/Qwen3-4B,0,0,"[PROMPT]
You are helping Person 1 with a ride decision. Person 1 has received a ride request going from HSR Layout to Bellandur.A logistic regression trained on a similar dataset predicts Person 1 would accept this ride, based on a predicted probability of 0.213 that Person 1 would cancel it. 

Respond with two numbers ONLY on two lines. First, respond 1 (cancel) or 0 (accept) based on your prediction of Person 1's true decision.
Second, respond 0 to implement your prediction of Person 1's true decision, or 1 to delegate to Person 1 so they can implement their true decision.
A decision is considered correct if it equals Person 1's true decision.

[RESPONSE]
0  
0",0.0,0.21285823752404798,,,2026-02-24 08:51:14
55637,Bannerghatta Road,Richmond Town,1,You are helping Person 1 with a ride decision. Person 1 has received a ride request going from Bannerghatta Road to Richmond Town.,glm,Qwen/Qwen3-4B,0,0,"[PROMPT]
You are helping Person 1 with a ride decision. Person 1 has received a ride request going from Bannerghatta Road to Richmond Town.A logistic regression trained on a similar dataset predicts Person 1 would accept this ride, based on a predicted probability of 0.227 that Person 1 would cancel it. 

Respond with two numbers ONLY on two lines. First, respond 1 (cancel) or 0 (accept) based on your prediction of Person 1's true decision.
Second, respond 0 to implement your prediction of Person 1's true decision, or 1 to delegate to Person 1 so they can implement their true decision.
A decision is considered correct if it equals Person 1's true decision.

[RESPONSE]
0  
0",0.0,0.22698625280060425,,,2026-02-24 08:51:14
